rel_path,subject,scenario,timestamp,mat_format,size_mb,fs_radar,fs_ecg,fs_icg,fs_z0,fs_bp,n_radar,n_ecg,duration_s,has_radar,missing_channels,dur_ecg1_s,dur_icg_s,dur_z0_s,dur_bp_s,n_samples_128hz,n_windows_nooverlap,n_windows_overlap50,iq_xc,iq_yc,iq_a,iq_b,iq_theta_rad,iq_gain_imbalance,iq_residual,I_min,I_max,I_mean,I_std,I_p01,I_p99,I_n_nan,I_n_inf,I_pct_clip,I_max_flat_run,Q_min,Q_max,Q_mean,Q_std,Q_p01,Q_p99,Q_n_nan,Q_n_inf,Q_pct_clip,Q_max_flat_run,phi_min,phi_max,phi_mean,phi_std,phi_p01,phi_p99,phi_n_nan,phi_n_inf,phi_pct_clip,phi_max_flat_run,dy_min,dy_max,dy_mean,dy_std,dy_p01,dy_p99,dy_n_nan,dy_n_inf,dy_pct_clip,dy_max_flat_run,vel_min,vel_max,vel_mean,vel_std,vel_p01,vel_p99,vel_n_nan,vel_n_inf,vel_pct_clip,vel_max_flat_run,acc_min,acc_max,acc_mean,acc_std,acc_p01,acc_p99,acc_n_nan,acc_n_inf,acc_pct_clip,acc_max_flat_run,amp_min,amp_max,amp_mean,amp_std,amp_p01,amp_p99,amp_n_nan,amp_n_inf,amp_pct_clip,amp_max_flat_run,cardiac_min,cardiac_max,cardiac_mean,cardiac_std,cardiac_p01,cardiac_p99,cardiac_n_nan,cardiac_n_inf,cardiac_pct_clip,cardiac_max_flat_run,displacement_range_mm,phase_wraps,ecg1_min,ecg1_max,ecg1_mean,ecg1_std,ecg1_p01,ecg1_p99,ecg1_n_nan,ecg1_n_inf,ecg1_pct_clip,ecg1_max_flat_run,ecg2_min,ecg2_max,ecg2_mean,ecg2_std,ecg2_p01,ecg2_p99,ecg2_n_nan,ecg2_n_inf,ecg2_pct_clip,ecg2_max_flat_run,icg_min,icg_max,icg_mean,icg_std,icg_p01,icg_p99,icg_n_nan,icg_n_inf,icg_pct_clip,icg_max_flat_run,z0_min,z0_max,z0_mean,z0_std,z0_p01,z0_p99,z0_n_nan,z0_n_inf,z0_pct_clip,z0_max_flat_run,bp_min,bp_max,bp_mean,bp_std,bp_p01,bp_p99,bp_n_nan,bp_n_inf,bp_pct_clip,bp_max_flat_run,intervention_min,intervention_max,intervention_mean,intervention_std,intervention_p01,intervention_p99,intervention_n_nan,intervention_n_inf,intervention_pct_clip,intervention_max_flat_run,ecg1_n_rpeaks,ecg1_mean_hr,ecg1_sd_hr,ecg1_rmssd_ms,ecg1_pct_flat,ecg1_median_rr_ms,ecg1_hr_plausible,ecg2_mean_hr,ecg2_n_rpeaks,sync_lag_s,sync_xcorr,beat_coupling,quality_flags,n_flags,census_seconds,scenario_canon,exclude_reason,keep
datasets_subject_01_to_10_scidata/GDN0004/GDN0004_3_Apnea.mat,GDN0004,Apnea,2018-02-09_16-56-26,v5,9.74,2000.0,2000.0,1000.0,100.0,200.0,293800,293800,146.9,True,,146.9,146.9,146.9,146.9,18803,18,35,377.2394883074536,354.239567149661,1446.1290346621763,1229.133299609606,-0.3301878086034113,1.1765436955629565,0.2731082335884456,-1251.0323524475098,2047.900676727295,348.89659164063863,834.4572493428135,-1144.5293760299685,1848.793067932129,0,0,0.0006807351940095,2,-1581.5815925598145,1700.1686096191406,126.78777982784504,886.4319319565061,-1393.2941722869873,1667.0160675048828,0,0,0.0006807351940095,2,-2.038572353084257,14.477093573867366,2.057076538876771,3.7874931228801207,-1.8232268313791495,12.97861203408594,0,0,0.0006807351940095,0,-2.0264025684672573,14.390668821560896,2.044796288739493,3.764882703645265,-1.812342607519128,12.901132854677142,0,0,0.0006807351940095,0,-23.652548137297565,25.889006103435747,0.0068772745640121,3.3674158448371827,-8.25440799180803,9.235999268713188,0,0,0.0006807351940095,0,-14511.471656163709,17977.56787610709,0.0017290562333654,1725.8352406356482,-4412.288980723831,4424.015408358252,0,0,0.0006807351940095,0,452.4103194648828,1762.181066828657,1158.182852666588,375.0905900739209,542.4567055967381,1633.6436589896275,0,0,0.0006807351940095,0,-0.4507198760857428,0.6690420757483663,-0.0003366719486954,0.1102873543747213,-0.269758826147368,0.2717429503693211,0,0,0.0006807351940095,0,16.417071390028156,2.6285498707287407,-0.2652260306958798,0.2203450124228188,0.0039545355394596,0.0517811248034467,-0.1319947121564496,0.1334022768428641,0,0,0.0006807351940095,0,-3.012237576990517,4.577147392249253,-0.0521031288281318,1.117556826001233,-2.323886295427428,2.7030158501878327,0,0,0.0006807351940095,0,-2.226240212875414,3.525216002177621,-0.0101809304974058,0.9470078084577892,-1.6581945856416045,2.57345465412194,0,0,0.001361470388019,0,41.10285466786549,43.49289223524664,41.82772748881949,0.496332744739753,41.17999564581521,43.24537454844268,0,0,0.0136147038801906,0,79.26079612782776,136.66056003441426,102.15218470114488,11.78821398202068,82.49281558519318,131.73339810337671,0,0,0.0068073519400953,0,0.0406848906185824,3.50374044088928,1.4069273468626546,1.665438056158026,0.0481462965771481,3.4521220643540547,0,0,0.0006807351940095,0,184,75.11753945124714,2.9624721536871075,15.673172992357088,0.1072161579855615,800.5,True,75.11957729738842,184,1.519,0.0389292556573047,1.0219338394592237,large_sync_lag;weak_radar_ecg_coupling,2,1.05,Apnea,,True
datasets_subject_01_to_10_scidata/GDN0005/GDN0005_3_Apnea.mat,GDN0005,Apnea,2018-02-16_10-38-58,v5,10.04,2000.0,2000.0,1000.0,100.0,200.0,301700,301700,150.85,True,,150.85,150.85,150.85,150.85,19309,18,36,637.3369129541397,1151.057004494527,2366.0521258574327,1827.2598220490083,0.1815188611982026,1.2948635422871864,0.5054946693457714,-2976.682662963867,3706.964492797852,1064.786955217356,1177.622332083161,-1812.8645324707031,3405.3613948822035,0,0,0.0006629101756711,2,-2163.1503105163574,3919.86894607544,571.8790542348395,1029.1540461986451,-1366.8970203399658,3178.25761318207,0,0,0.0006629101756711,2,-20.61169000596598,10.69586546250356,-3.69509648380151,9.448842976379876,-20.26108175994903,10.002219027583378,0,0,0.0006629101756711,0,-20.48864319451213,10.63201372882624,-3.673037650187455,9.39243566577919,-20.14012799504932,9.94250819560158,0,0,0.0006629101756711,0,-237.04119533645763,591.1188560124638,-0.1226804466009437,6.101750811156159,-13.033100894614222,12.56687546709886,0,0,0.0006629101756711,0,-337115.2261025181,250776.74436607468,0.0915164741222733,3002.8076878365687,-6303.702690085857,6364.265176295479,0,0,0.0006629101756711,0,4.180252019929037,4257.492874095417,1344.9975526228434,798.081444005929,145.79833241588568,3247.211334893765,0,0,0.0006629101756711,0,-1.3490765114920933,1.378591690524622,-2.091556345446778e-05,0.1988114595083621,-0.7312156995934189,0.6940492597142168,0,0,0.0006629101756711,0,31.120656923338373,4.982752208930626,-0.2355694841846592,0.3314467201162149,0.0066577117461297,0.0589467943602043,-0.1207493304156119,0.1834314646510584,0,0,0.0006629101756711,0,-0.3882825732784039,1.3031439520127093,-0.0096334060228712,0.19010904570512,-0.268272426905236,0.86710513126515,0,0,0.0006629101756711,0,-6.893170020483965,5.735486375381631,-0.0069812536445975,0.7903584139223322,-1.6678494045567434,2.2773366818417915,63,0,0.0013263742895607,0,40.1578077774439,43.5651291631411,41.976969806123854,0.5784108877744848,40.37173995717141,43.32469457136939,0,0,0.0132582035134239,0,105.74113156189672,153.7471776203392,123.06932564690436,9.35517141241314,107.33893208235902,146.99826500516025,0,0,0.0066291017567119,0,0.0253551310362978,3.477651920382136,2.70443334180162,1.4067292160058904,0.0481503635592497,3.452396163487138,0,0,0.0006629101756711,0,165,66.30989563274203,5.774986634498678,40.88673941662137,0.084852783734782,911.0,True,66.30186071564651,165,1.395,0.0597439074383896,1.1688086298212133,large_sync_lag;weak_radar_ecg_coupling,2,1.04,Apnea,,True
datasets_subject_01_to_10_scidata/GDN0007/GDN0007_3_Apnea.mat,GDN0007,Apnea,2018-02-19_10-00-10,v5,12.36,2000.0,2000.0,1000.0,100.0,200.0,372500,372500,186.25,True,,186.25,186.25,186.26,186.25,23840,23,45,1723.0224873646475,791.6818209285707,1625.7634815465358,1252.4493240011593,0.1723871465358173,1.29806727537108,0.3401463478917619,-673.0585098266602,3882.26842880249,1447.234550782018,905.1946190537838,-242.11960315704343,3422.478022575379,0,0,0.0005369127516778,2,-1287.9204750061035,3014.836311340332,1121.4554996221657,793.9289652178127,-791.3794279098508,2442.648625373841,0,0,0.0005369127516778,2,-1.7455812213960065,15.291052300062614,4.565081463621033,3.5578762646328315,0.6898853856542353,13.98962519788212,0,0,0.0005369127516778,0,-1.735160523075572,15.199768410738056,4.537829029785524,3.536636602587474,0.6857669365145097,13.906110514052918,0,0,0.0005369127516778,0,-1321.0514783534038,2811.924765966814,0.0191041521496264,12.158726250673244,-17.540809040551032,17.56214830289915,0,0,0.0005369127516778,0,-1134942.81794212,1347343.6395685126,-0.0625139555542419,7701.116940482748,-10965.250429295796,10921.527516467271,0,0,0.0005369127516778,0,25.90231441602016,2680.016440579258,1103.8649063750097,480.8146926305839,134.64052528990817,2327.5765085176613,0,0,0.0005369127516778,0,-2.122409290027768,1.45814640088318,0.0001002884291212,0.1391324230196262,-0.4032530519337591,0.385864904162512,0,0,0.0005369127516778,0,16.934928933813627,2.711464438585223,-0.1893694214411959,0.3061830801970754,0.0044040504738244,0.0655220898470738,-0.1017329311912108,0.2255106588022514,0,0,0.0005369127516778,0,-0.4738999670111568,1.3160487890731405,-0.0144477629719414,0.2173545778795339,-0.2629914666340529,0.9104096478015758,0,0,0.0005369127516778,0,-2.36734223325701,2.713857657961622,-0.0112936620152919,0.7203521057252913,-1.4232318476587418,1.974186271039401,0,0,0.0010738255033557,0,26.197523397816056,28.46184192588357,26.6800141208984,0.3935595273413128,26.25881703889251,27.984184407841934,0,0,0.0107376785139052,2,53.967733445351485,89.35948246508393,68.23637259567003,6.591514440459334,55.880963288775554,84.46769346336734,0,0,0.0053691275167785,0,0.0372087034603141,3.4953157230467995,2.4786382998457164,1.5363720976090898,0.0485150230163788,3.4531613035655107,0,0,0.0005369127516778,0,354,88.7072820243729,28.232554992674533,216.48695790087788,0.1814769972536839,704.0,True,59.60576282379425,181,-0.8215,0.0417657019886856,0.6785641655302351,weak_radar_ecg_coupling,1,1.21,Apnea,,True
datasets_subject_01_to_10_scidata/GDN0008/GDN0008_3_Apnea.mat,GDN0008,Apnea,2018-02-19_12-21-44,v5,7.03,2000.0,2000.0,1000.0,100.0,200.0,213750,213750,106.88,True,,106.88,106.88,106.88,106.88,13680,13,25,2247.1831044206583,589.4245356003088,2186.2758603989755,1862.3492523314085,1.4213383625643146,1.173934404442161,0.2920624314473149,-1884.80806350708,3999.999523162842,2756.858922248974,1147.3990040846973,-1.648044586181593,3999.999523162842,0,0,15.910175438596491,21651,-2046.888828277588,3859.917163848877,72.97763051038596,1196.5416812509,-1615.5231142044067,2803.372535705571,0,0,0.0009356725146198,2,0.1410060321424059,24.641498302610746,17.242705668294995,8.337421563698648,0.3988166618709925,24.376041047020628,0,0,0.0009356725146198,2,0.1401642601845577,24.494394508855645,17.1397708797014,8.287649170514843,0.3964358227169159,24.230521968971438,0,0,0.0009356725146198,2,-767.4168184404034,646.7990688799482,-0.012193152477538,10.557158030065926,-21.084235910590017,20.87759638123081,0,0,0.0009356725146198,0,-435093.5220265897,687849.2890704514,-1.4917958154256457,6761.366483873876,-12882.972383475882,12820.786850748793,0,0,0.0009356725146198,0,101.8678066877764,5048.157260493929,1565.8872108526327,544.273563967098,326.1740968313665,3360.0092947445223,0,0,0.0009356725146198,2,-1.4592206887858623,1.1763310370637472,3.4330168570895264e-05,0.161105345889315,-0.4983570405357439,0.5088040648281585,0,0,0.0009356725146198,0,24.354230248671087,3.89937445302981,-0.587379226021572,0.58579586816076,0.0109598756845473,0.1440102814426022,-0.2531287293187216,0.2958086339117871,0,0,0.0009356725146198,0,-0.9079283924479696,3.187147986834,0.0247869616896123,0.3508366634478054,-0.4964529886662464,1.668142829762843,0,0,0.0009356725146198,0,-2.2310560824942733,2.846778929300931,-0.0136630853607669,0.5324056396049793,-1.5649381115393324,1.7340809498065268,0,0,0.0018713450292397,0,21.66181267808681,25.390916251656247,24.335662629076023,1.3068700354659608,21.717276879795183,25.349978270152494,0,0,0.0187125748502994,0,53.164793619247206,124.72621808728904,80.79500720802051,11.340401681395177,58.56173514790085,111.36130073011468,0,0,0.0093567251461988,0,0.0228300367912763,3.455255443603459,1.2825162911845394,1.6349862898469756,0.0481670285032502,3.451893098434093,0,0,0.0009356725146198,0,120,68.82406612365577,9.97090058663958,98.53149500781248,0.0261989529775577,841.5,True,68.82179109512481,120,-1.7515,0.0638791967168105,1.5307356589692984,iq_clipping;large_sync_lag,2,0.8,Apnea,,True
datasets_subject_01_to_10_scidata/GDN0009/GDN0009_3_Apnea.mat,GDN0009,Apnea,2018-02-19_15-28-37,v5,15.17,2000.0,2000.0,1000.0,100.0,200.0,454800,454800,227.4,True,,227.4,227.4,227.4,227.4,29107,28,55,703.3913841234681,495.0025557796199,2539.977317419612,2354.730684658788,0.3166584002751289,1.0786699871742094,0.163317148683896,-2529.252052307129,3878.3016204833984,-60.30663260474159,1228.0973117652752,-2069.831166267395,3417.8967809677133,0,0,0.0004397537379067,2,-2558.002471923828,3736.494541168213,-211.28843913082503,1744.3935074018889,-2103.665900230408,3454.715304374696,0,0,0.0004397537379067,2,-10.59716806542514,12.794342268164378,2.3287995349981423,6.075332289287919,-5.526926656845298,10.667672230509671,0,0,0.0004397537379067,0,-10.533905531372197,12.717963134755564,2.3148971641972143,6.039064022760375,-5.493932239499256,10.603988803618476,0,0,0.0004397537379067,0,-46.90555822525812,98.27493477058216,-0.0043560906278336,3.002609778228812,-7.989410330014782,7.842899536418683,0,0,0.0004397537379067,0,-54051.77348295588,46784.19839052134,-0.0380554937533039,1083.2187361833678,-2590.3945380445043,2585.4267137394218,0,0,0.0004397537379067,0,9.558142488077326,4411.753094844309,2018.8269845252244,689.5428357859626,777.6754842597654,4084.65878742048,0,0,0.0004397537379067,0,-1.4941480327028545,1.768804335826102,-4.287632269157118e-06,0.1239364858156525,-0.3229333402262078,0.3603292799495302,0,0,0.0004397537379067,0,23.251868666127763,3.722874495975921,-0.299950245276066,0.691606688703046,0.0066827888176894,0.0840866601830374,-0.1506374241312499,0.3135188942367629,41,0,0.0004397933850676,2,-1.03382674072212,2.564929450797193,-0.0152235630643369,0.2577589804279268,-0.5592501565604246,1.0718416799823507,45,0,0.0004397972534661,2,-8.518265901661005,9.691107218250249,-0.0107634652777696,0.5880583246118243,-1.2567394968549337,1.8272475624996871,0,0,0.0008795074758135,2,9.713078576176274,19.981638849772008,18.03441454714372,1.4377874165982008,16.27548100439143,19.94165432598628,0,0,0.0087950747581354,0,40.44146073200377,141.0303081650885,88.91514038680181,14.42080564281027,67.10999595108783,130.9452420781558,0,0,0.0043975373790677,0,0.0254883816150892,3.5296166374243176,1.9719235040381808,1.685331669652859,0.0479688909213807,3.4521469921155483,41,0,0.0004397933850676,2,148,59.87292915527618,3.563485665827541,63.54882024667748,0.0609060266183522,1000.25,True,61.24972918767912,231,-1.9995,0.0716826062295501,1.3913705730575758,large_sync_lag,1,1.49,Apnea,,True
datasets_subject_01_to_10_scidata/GDN0010/GDN0010_3_Apnea.mat,GDN0010,Apnea,2018-02-20_10-17-08,v5,17.68,2000.0,2000.0,1000.0,100.0,200.0,529650,529650,264.82,True,,264.82,264.83,264.82,264.83,33898,33,65,643.229119091562,924.8587768434102,1746.2829804153716,1644.218821128697,1.2688342202598166,1.0620745596480956,0.1860676514225377,-2442.089080810547,3453.36389541626,128.4462904599259,1093.586809243887,-1296.156530380249,2285.5203676223755,0,0,0.0003776078542433,2,-1992.3787117004397,3830.5697441101074,1345.3110520796702,982.5852860087994,-890.8356046676636,2747.8660297393803,0,0,0.0003776078542433,2,-4.038883152605148,14.960272535675896,3.221596713794081,3.696731512077522,-3.047427024911052,12.462822123279048,0,0,0.0003776078542433,0,-4.014771995605461,14.870963321658865,3.2023645594531307,3.6746629177395302,-3.029234621549413,12.38842208507053,0,0,0.0003776078542433,0,-18.765616983906284,16.817878355800985,0.0005122177836334,2.906294626445156,-7.291879972448002,7.357950511767336,0,0,0.0003776078542433,0,-9352.299421936914,9594.2524672031,-0.0117619944115502,1583.7135430116443,-3934.548906462385,3939.068782921619,0,0,0.0003776078542433,0,476.7922102044432,3357.5313249557094,1396.2583195264372,460.2919277876039,648.7756687785488,2675.46385424347,0,0,0.0003776078542433,0,-0.5173827104726078,0.5151303280246803,-1.5338914900635538e-05,0.0659328882306477,-0.1736311570956812,0.1710722068775144,0,0,0.0003776078542433,0,18.885735317264327,3.023809542362429,-0.3869193839676439,0.3490402426336398,0.0080701347351795,0.0720046034075302,-0.1360913987142915,0.2256832707503648,0,0,0.0003776078542433,0,-0.5774680245567358,2.276790807030525,-0.0090934430953356,0.2888580841105949,-0.3675776192854846,1.1928949562405942,0,0,0.0003776078542433,0,-2.2672620774189856,3.103288987012184,-0.0119293841877787,0.6739441571544034,-1.4140907380215484,2.029252131103684,0,0,0.0007552128567436,0,23.87661005453826,27.334176745575945,25.447862039889763,1.0031328342966288,24.08519597140843,27.240684277975635,0,0,0.0075522996752511,0,67.64536618238321,123.40498201383184,90.34930809339308,11.546663521269435,70.3784574236535,117.84993242083466,0,0,0.0037760072499339,0,0.0249240591132067,3.470393315555169,2.021398361650005,1.6787913800620695,0.0480891917803126,3.453609296054671,0,0,0.0003776078542433,0,227,52.26114449924499,6.406510536164041,75.47284723423952,0.1215899586329814,1190.0,True,52.283881735127856,228,1.9995,0.031744274318121,0.8580604779523301,large_sync_lag;weak_radar_ecg_coupling,2,1.46,Apnea,,True
datasets_subject_11_to_20_scidata/GDN0011/GDN0011_3_Apnea.mat,GDN0011,Apnea,2018-02-20_12-22-14,v5,13.78,2000.0,2000.0,1000.0,100.0,200.0,409750,409750,204.88,True,,204.88,204.88,204.88,204.88,26224,25,50,434.2220860354112,856.6065189678731,3289.7485101212374,2737.7550026602053,1.1492088416241826,1.2016226824258105,0.1628273628686992,-3103.4789085388184,3999.999523162842,54.55517673666991,1901.3243387681089,-2559.285659790039,3507.611646652223,0,0,0.0217205613178767,57,-3219.444751739502,3994.7705268859854,-613.018982567825,1679.0295640139177,-2767.61736869812,3704.9096822738647,0,0,0.0004881025015253,2,0.4690269046433016,17.83129162821374,7.897382880037609,6.542373583513474,0.8341746248896016,17.55968979144269,0,0,0.0004881025015253,0,0.4662269272961884,17.72484312358747,7.850237411522535,6.503317193253473,0.8291948038386027,17.454862684188004,0,0,0.0004881025015253,0,-25.924333653878307,20.87083500506833,0.0027062366597654,2.971845553685218,-7.361296950766409,8.822023659125119,0,0,0.0004881025015253,0,-9358.96433569584,9993.10670585955,0.0653476932831362,1194.4929284275352,-3411.5327616981194,3353.975395463681,0,0,0.0004881025015253,0,230.041527900106,5633.719474917927,2385.6375271040306,861.9211723224574,513.436344726413,4579.2125412551695,0,0,0.0004881025015253,0,-1.2035347034057935,0.917805543571622,-7.459493180400727e-05,0.129896160772807,-0.3279714194948802,0.3320704066893809,0,0,0.0004881025015253,0,17.258616196291282,2.763290254026276,-0.4841274721561359,0.4503858236602744,0.0091167043996154,0.0780925996451279,-0.1198979048710793,0.2285570906055214,0,0,0.0004881025015253,0,-1.119830928121436,3.335155616326533,0.0061764697667761,0.552683819332759,-0.7953030822745467,1.7039360736326656,0,0,0.0004881025015253,0,-3.036704181628437,3.445955829512655,-0.011320976172303,0.7712388866929717,-1.7300509014001235,2.1293704448512685,0,0,0.0009762002381928,2,28.355465569462325,31.31435041002845,29.7261819140238,1.0348488678948198,28.53774738782073,31.257685949049037,0,0,0.0097618117922686,0,80.04532782084894,151.10927178329507,106.38471946663502,12.671666408615405,84.57120868772125,140.31336427309114,0,0,0.0048809058961343,0,0.0255827633333319,3.4771368460078285,1.7872647059534232,1.699843407387353,0.0475450249190917,3.4522069530768884,0,0,0.0004881025015253,0,174,68.7023758595257,12.461033918586375,141.3985460199929,0.0529592506632108,915.75,True,67.91174024378579,226,0.2635,-0.0026680860973548,1.0793191160978726,weak_radar_ecg_coupling,1,1.31,Apnea,,True
datasets_subject_11_to_20_scidata/GDN0012/GDN0012_3_Apnea.mat,GDN0012,Apnea,2018-02-20_15-15-52,v5,26.83,2000.0,2000.0,1000.0,100.0,200.0,803600,803600,401.8,True,,401.8,401.8,401.79,401.81,51430,50,99,118.3658513455593,668.3803367192459,1829.8440620939032,1712.5416490726643,1.1573998737307454,1.068496093560561,0.1510088475042533,-1990.002155303955,2741.7984008789062,5.07739307691708,1309.5629340462351,-1689.5179891586304,2158.545203208924,0,0,0.0002488800398208,2,-1482.922077178955,3128.286361694336,-49.82473919141227,862.1049099837747,-1325.0957822799685,2399.3107128143315,0,0,0.0002488800398208,2,-0.2437975906477215,17.831186792022915,5.998489387729395,5.495897688202152,1.546642921503553,17.47781338972539,0,0,0.0002488800398208,0,-0.2423421779105491,17.724738913243385,5.962679854766001,5.463088506305177,1.537409836788346,17.373475064815178,0,0,0.0002488800398208,0,-18.878183122858445,17.92297806065926,-0.0052517813145848,2.7899774347876183,-6.736780775034407,6.842400158143694,0,0,0.0002488800398208,0,-10921.049890368597,10364.123312156064,-0.0018444745059239,1426.9525437254504,-3586.248607894817,3577.6075463619154,0,0,0.0002488800398208,0,119.33004548810422,3353.2845975339733,1512.2553002298362,413.8403810319718,811.4446541562421,2642.680666238167,0,0,0.0002488800398208,0,-0.550571312210322,0.5988597767982995,-3.820695922627753e-05,0.0952887793781902,-0.2040795178903382,0.2002562973691866,0,0,0.0002488800398208,0,17.967081091153933,2.876723110810842,-2.497729456573897,2.041363897879663,0.0043943782825985,0.699917584356037,-2.0931738385171696,1.4852774939271842,0,0,0.0002488800398208,2,-3.668923749424792,4.681860026195926,-0.0093225678020513,1.020395041609255,-2.9131686884926817,2.414448777610363,0,0,0.0002488800398208,2,-1.7239767484585913,2.251908626368308,-0.0111409985243334,0.5071200413194815,-0.9834736361564764,1.4421699644707675,0,0,0.0004977600796416,0,21.13848818785155,23.35013541007505,21.988175740302715,0.6211755733002317,21.18974965812007,23.27824902452276,0,0,0.0049777246820478,0,41.92621589054912,106.32740113391012,63.992160846215086,10.691297370120129,46.74020934074641,92.4232459065006,0,0,0.0024887694279563,2,0.0211797581663885,3.4876504598230302,2.5357446232977936,1.5071748427546818,0.0474434347083902,3.452931689957687,0,0,0.0002488800398208,2,447,67.112879801837,4.755523066327391,89.00699694753204,0.1917623093109872,894.0,True,67.41238519328722,449,1.395,0.0193400760244718,2.03206981161811,large_sync_lag,1,1.99,Apnea,,True
datasets_subject_11_to_20_scidata/GDN0013/GDN0013_3_Apnea.mat,GDN0013,Apnea,2018-02-21_12-22-40,v5,7.32,2000.0,2000.0,1000.0,100.0,200.0,217800,217800,108.9,True,,108.9,108.9,108.9,108.9,13939,13,26,113.56603840520958,500.1878857581394,2414.5323229899905,2045.4011952589328,1.5054089537242104,1.1804688139357074,0.313977671669215,-2421.626567840576,2929.917812347412,84.55284526306517,1408.8528407296394,-2266.9935274124146,2547.098727226258,0,0,0.0009182736455463,2,-2192.136764526367,3457.6525688171387,480.144638925435,1468.9189215227602,-2058.3348512649536,3079.650220870972,0,0,0.0009182736455463,2,-2.61584555367144,11.495622581422587,3.9979877025376815,4.400363186888054,-1.7172087910644875,10.964307300906723,0,0,0.0009182736455463,0,-2.600229587462856,11.426996490892822,3.974120681498333,4.374094081383909,-1.7069574693009717,10.898853034284912,0,0,0.0009182736455463,0,-103.13142876675217,62.26744184171798,0.0213999822662481,4.079419968776495,-11.244383337665976,10.899681214866744,0,0,0.0009182736455463,0,-37738.102471961975,26596.24480691769,-0.0624520477185765,1553.736340457737,-4381.637829069562,4399.755606433731,0,0,0.0009182736455463,0,85.14753599900803,3069.6876609343494,1932.6210342128013,638.4082259477933,431.480837998286,2927.673348573663,0,0,0.0009182736455463,0,-1.2374079050549998,2.0119059281021188,0.0001734028313252,0.1649593621545827,-0.5236009818121814,0.5333796084792618,0,0,0.0009182736455463,0,14.027226078355678,2.245909907983984,-0.1797266338562007,0.1882108628560952,0.0101787455837951,0.0444366929631661,-0.0900402889386479,0.1182108405616925,0,0,0.0009182736455463,0,-0.939165371892114,1.148694764803658,-0.0362314403286612,0.2329783064752884,-0.6609545178540916,0.5843872739004573,0,0,0.0009182736455463,0,-2.862881721877727,2.728832133870182,-0.0177122044935679,0.7279274846990196,-1.9398890906411868,1.861436935170307,0,0,0.0018365472910927,0,23.7097726338138,26.70490629961796,25.169326386689036,1.0199946486500688,23.72516462263359,26.36753249045347,0,0,0.0183654729109274,0,69.83090111984187,115.5960165575393,90.51499392912766,9.163602136941972,74.06725174721244,111.31101198993686,0,0,0.0091827364554637,0,0.0277116417427077,3.4892867622566905,1.3383659947043465,1.6499356905871494,0.0478638068663421,3.4522450460878003,0,0,0.0009182736455463,0,124,68.5567371488332,5.113412075871252,111.77254787744796,0.027089196920096,884.5,True,68.87499200041324,125,1.5035,0.0464556639158226,1.103987852813611,large_sync_lag;weak_radar_ecg_coupling,2,0.78,Apnea,,True
datasets_subject_11_to_20_scidata/GDN0014/GDN0014_3_Apnea.mat,GDN0014,Apnea,2018-02-21_15-24-55,v5,26.24,2000.0,2000.0,1000.0,100.0,200.0,788400,788400,394.2,True,,394.2,394.2,394.2,394.2,50458,49,97,504.42368959591545,1042.771165787353,1662.6117690578678,1206.376420741426,0.0248072743848895,1.3781865597439682,0.1559100979966579,-1342.8301811218262,2358.896255493164,1163.2610712143323,960.3031005764442,-1020.3366899490356,2272.315516471863,0,0,0.0002536783358701,2,-819.025993347168,2506.641864776612,593.194701527654,702.5313043809148,-288.724045753479,2389.000144004822,0,0,0.0002536783358701,2,-2.465716555034417,10.34857857543695,1.007061230374453,3.609673091170452,-2.108585399110087,10.266497683373426,0,0,0.0002536783358701,0,-2.450996822690387,10.286800060602962,1.001049318042155,3.588124214579996,-2.095997653517001,10.205209171641892,0,0,0.0002536783358701,0,-26.725206430920952,25.751933683349662,-0.0007432775343651,3.078631442031789,-8.130370482238323,7.975112098551185,0,0,0.0002536783358701,0,-15184.721364229328,21012.954345450144,0.0732795255495802,1892.731153251783,-5001.792074367456,5010.826404268193,0,0,0.0002536783358701,0,71.95340931503097,2585.578056331929,1077.3956896994043,504.9265356752682,425.75355229210754,2245.671626655666,0,0,0.0002536783358701,0,-0.6239191464694092,0.4424603839926264,4.497047479539921e-05,0.0571975544758928,-0.1370456955894211,0.1458153949942968,0,0,0.0002536783358701,0,12.737796883293347,2.039458412252922,-0.7365491699879156,1.6776810296165934,0.0087339685164809,0.4812115643998466,-0.5707115405448752,1.2067783221938682,0,0,0.0002536783358701,2,-1.0541620694017544,2.9767442299818203,-0.0107714236246859,0.5448534393901955,-0.7872588062231732,1.5340686249549342,0,0,0.0002536783358701,2,-9.473114401139629,7.318381140803622,-0.0832420021306005,0.7433818829595736,-1.7702140923920382,2.4176270449012414,332,0,0.0005077843338377,0,35.71514707100482,40.175300452042336,37.28494424923216,0.8860152615968943,35.85223324407865,39.29803214252851,0,0,0.0050735667174023,0,30.881838806570997,101.32389521401652,59.9112871450899,12.503506014245728,37.19571699973984,90.6816333623355,0,0,0.0025367833587011,0,0.030426727559912,3.479062495426864,2.9668422260375698,1.1862409811965822,0.0477667861702112,3.452050779642002,0,0,0.0002536783358701,2,487,81.51470738718771,4.65431454705813,56.76301558021152,0.0347539760958601,735.5,True,81.08988082837055,531,-1.5035,0.0332900025302817,1.0163420848398217,large_sync_lag;weak_radar_ecg_coupling,2,2.02,Apnea,,True
datasets_subject_11_to_20_scidata/GDN0016/GDN0016_3_Apnea.mat,GDN0016,Apnea,2018-02-23_10-32-14,v5,7.6,2000.0,2000.0,1000.0,100.0,200.0,226750,226750,113.38,True,,113.38,113.38,113.38,113.38,14512,14,27,-1028.298201481196,153.11603665521463,3411.3291102328494,2602.9525402791223,-0.4199419301605491,1.3105613942031549,0.4203172328136516,-3936.831474304199,3999.999523162842,-962.921759187978,2093.0022266944766,-3912.5796127319336,3375.1358461380005,0,0,0.0022050716648291,2,-3443.9077377319336,3999.999523162842,408.1187942319826,1589.674511123663,-3149.152522087097,3999.999523162842,0,0,1.407276736493936,2710,-17.060011499018348,7.966169830903155,-4.416613187289848,8.507243889202268,-16.696695982424515,7.397020518064112,0,0,0.0008820286659316,0,-16.958167350493284,7.918613720903988,-4.390247073207804,8.456457697748606,-16.597020739790022,7.352862092008654,0,0,0.0008820286659316,0,-558.2959035514723,338.35404591917006,-0.0929587487498728,6.768697297263735,-17.160799849262588,12.67056124225951,0,0,0.0008820286659316,0,-196865.86644170855,264090.05013486545,-0.032581057896894,2851.469470380628,-6734.343430726219,6765.834564544202,0,0,0.0008820286659316,0,0.1508906126696847,5023.307045828581,2380.83099871394,1113.2686683038726,315.27784697124,4401.608795266703,0,0,0.0008820286659316,0,-1.529350379595407,1.522131706876374,0.0001461805889827,0.2933678005187352,-0.99036404890923,1.0342872381102786,0,0,0.0008820286659316,0,24.87678107139727,3.9830404653711113,-0.2033836159586917,0.207097002141977,0.0054747098691559,0.0448118828669359,-0.09046913950459,0.1311768243561103,0,0,0.0008820286659316,0,-0.566047035754446,2.076086539408457,-0.018485172215725,0.2647541597354105,-0.4133710270483728,1.1634186605009142,0,0,0.0008820286659316,0,-2.2538963679083737,3.984581609313807,-0.0206882682037677,0.7910588436220339,-1.8246280725913175,2.095923379018308,0,0,0.0017640573318632,0,25.08517991208345,28.072327692543155,26.1781342855742,0.7847265849678674,25.13088715849753,27.766836206912764,0,0,0.0176397953783736,0,67.6694339529644,121.79870016254966,91.19095553202796,11.372885685912092,71.61662973076898,116.82000910782554,0,0,0.0088202866593164,0,0.0357960412422689,3.480249164862121,1.699362548143455,1.6997431325311272,0.048197263495406,3.453352688068718,0,0,0.0008820286659316,0,104,56.05139981753109,8.029506708950205,154.4315239458424,0.055568051016763,1084.0,True,56.05612265195878,104,0.496,0.1079734124831507,0.8133098230622088,iq_clipping;weak_radar_ecg_coupling,2,0.85,Apnea,,True
datasets_subject_11_to_20_scidata/GDN0017/GDN0017_3_Apnea.mat,GDN0017,Apnea,2018-02-23_12-42-23,v5,10.21,2000.0,2000.0,1000.0,100.0,200.0,305700,305700,152.85,True,,152.85,152.85,152.85,152.85,19565,19,37,648.8779008405463,1297.7744858801866,2278.2816562959483,1677.7962832452693,0.7099469495365476,1.3579012416747005,0.3916606074330446,-1967.508316040039,3145.262718200684,463.0632609294683,1006.9814162779514,-1567.2187280654907,2752.901115417481,0,0,0.0006542361792607,2,-1360.2018356323242,3805.293560028076,307.1312097665489,1098.127166873851,-1225.25803565979,3330.200786590576,0,0,0.0006542361792607,2,-0.0240525239133375,16.728930584663967,7.6164569208864386,5.046428741820044,1.4932639469567932,16.61526851901429,0,0,0.0006542361792607,0,-0.0239089361544445,16.62906290923901,7.570988512501716,5.016302780982758,1.484349521828197,16.516079378671,0,0,0.0006542361792607,0,-37.5731551891169,36.40800243160811,0.011015077302424,3.131665882952157,-8.53590398771425,9.237151857693966,0,0,0.0006542361792607,0,-37600.11027881738,24570.650835242384,-0.0702473048409235,1798.850065485338,-5111.707701494219,5129.727549847642,0,0,0.0006542361792607,0,2.4228037340069504,3640.245871793579,1281.795674791343,759.535842104732,87.78704799442174,3149.539099931409,0,0,0.0006542361792607,0,-0.5787515688171714,0.4928434451290818,-6.342147338613953e-05,0.0700633671562325,-0.2080173945847346,0.2082891844444978,0,0,0.0006542361792607,0,16.652971845393456,2.666320073265105,-1.5790226421044309,0.7899324065598623,0.0057798888718666,0.1992190510280825,-1.0108833954018093,0.4590412789109171,0,0,0.0006542361792607,0,-1.6681995260234732,2.05066821178119,-0.0134339157802536,0.3048060095536052,-1.0364214623886794,1.245921267273408,0,0,0.0006542361792607,0,-2.376629032901213,2.638380222173101,-0.014891921327179,0.6307946991137799,-1.4046321639164048,1.7952275984260353,0,0,0.0013084723585214,0,36.45286365062358,39.43111098157634,37.60076282492911,1.013107600193882,36.53639955728669,39.372833821116586,0,0,0.0130847235852142,0,73.71700672713239,129.93736429954683,98.01289974910443,11.11031891953172,79.65240609101528,124.87174430778003,0,0,0.0065423617926071,0,0.0268428431349317,3.483188457915724,2.027211634475836,1.677300493926956,0.0478405712603127,3.4524639024662824,0,0,0.0006542361792607,0,146,68.06252765383663,5.428731337264114,31.699143746885568,0.1144917058937059,890.0,True,67.01440518787982,170,-1.023,0.0716959705511844,1.0271983052326448,large_sync_lag;weak_radar_ecg_coupling,2,1.06,Apnea,,True
datasets_subject_11_to_20_scidata/GDN0018/GDN0018_3_Apnea.mat,GDN0018,Apnea,2018-03-15_12-11-35,v5,6.44,2000.0,2000.0,1000.0,100.0,200.0,190850,190850,95.42,True,,95.42,95.42,95.43,95.42,12214,11,22,-381.34937523411736,438.76455793775455,1909.4447028858087,1180.3418819231158,-1.1186802071201845,1.617704778699181,0.1854623398716121,-2753.5524368286133,2198.627471923828,-209.26175398323156,842.7815863526889,-1840.057682991028,1488.788871765137,0,0,0.0010479434110558,2,-2608.5500717163086,2629.067897796631,6.081681752473483,1319.7311370060106,-1803.8251972198489,2339.34268951416,0,0,0.0010479434110558,2,-6.202689806305556,13.20835153086644,6.487406484693431,6.763018529257787,-4.267639412715798,13.10286405727215,0,0,0.0010479434110558,0,-6.165661246159238,13.129500862145717,6.448678234738407,6.722644941959143,-4.242162636089648,13.024643123292748,0,0,0.0010479434110558,0,-46.225264483019146,130.53927994186688,0.0935916684375499,3.4786273333747904,-8.187154945396005,9.112176054921663,0,0,0.0010479434110558,0,-61491.476219490985,40569.51807892299,-0.0978666861840563,1365.7682127457615,-3176.4162196248085,3145.3287948303505,0,0,0.0010479434110558,0,69.20164545224776,3098.240114454968,1482.561835694231,503.9657524289551,694.6086983169255,2438.784126766016,0,0,0.0010479434110558,0,-0.8019929057746289,1.2692154989582347,-1.2916240142864938e-06,0.1345821325558246,-0.3653593524913816,0.4427669001863358,0,0,0.0010479434110558,0,19.295162108304957,3.089363179372037,-0.825568544810575,0.786864574368135,0.008112377115369,0.3027771882158672,-0.6556960655292282,0.6098125739428681,0,0,0.0010479434110558,0,-1.3901282092683656,2.131787953216425,-0.010179864310111,0.5640822429851094,-1.1891511558172083,1.069234700966513,0,0,0.0010479434110558,0,-2.872535079573709,3.1556151866025197,-0.0198131364198319,0.8382873833451756,-1.7450600333238109,2.2590016731099416,0,0,0.0020958868221116,0,30.088496498437813,32.53689971159409,31.4563341276343,0.7737250835558583,30.246549395174835,32.422280687031375,0,0,0.020957770093262,0,66.01705978061375,122.94630325566418,92.94101348267765,10.838012836020988,69.11138327388619,118.79738003073136,0,0,0.010479434110558,0,0.025782252615063,3.486080313182751,1.0260806884188245,1.5406200874883056,0.0393342371449341,3.451331279149378,0,0,0.0010479434110558,0,117,71.8916084249093,12.077163671114402,133.83269337054685,0.0282946203543115,870.0,True,70.48405069321245,111,-1.674,0.0632798332780192,0.8776819404866946,large_sync_lag;weak_radar_ecg_coupling,2,0.83,Apnea,,True
datasets_subject_11_to_20_scidata/GDN0019/GDN0019_3_Apnea.mat,GDN0019,Apnea,2018-03-21_10-31-58,v5,8.37,2000.0,2000.0,1000.0,100.0,200.0,248500,248500,124.25,True,,124.25,124.25,124.25,124.25,15904,15,30,-712.9579608416128,700.3157718821949,1721.9934664349353,1115.2700767448482,-0.8057708417986661,1.5440147658771026,0.185522214214372,-2237.514019012451,1052.5102615356443,-812.5005138807853,814.5797752797904,-2123.316173553467,886.4208126068116,0,0,0.000804828973843,2,-1071.1297988891602,2570.6591606140137,1243.833264878578,810.6887297365752,-667.1712827682495,2407.5272274017343,0,0,0.000804828973843,2,-2.931606156917247,17.003733654862742,7.647170461762608,6.489509893998796,-2.5118037197491234,15.123814483949966,0,0,0.000804828973843,0,-2.9141051761659007,16.902225471475756,7.601518700956404,6.450769087198206,-2.496808858162151,15.033528963998382,0,0,0.000804828973843,0,-29.874233515497508,41.110825163471816,0.0130329238112844,3.1181598756588667,-8.683436079762952,9.934573516925903,0,0,0.000804828973843,0,-9658.878643463133,10014.108028438292,-0.0177124217574083,1166.6016569236576,-3099.664438157983,3097.6874097663763,0,0,0.000804828973843,0,240.48617970326384,2459.925372526322,1080.3360786540677,391.9571200719907,475.0840232050519,2164.2741567352205,0,0,0.000804828973843,0,-0.9601488947626942,0.7768080865882364,0.0001472818496595,0.0984329412444355,-0.2537018464602273,0.2987156314395675,0,0,0.000804828973843,0,19.816330647641657,3.17280787326144,-2.8596475411532345,2.053901689183616,0.0158413549261859,1.0792632500726442,-2.23966093344738,1.8790231250844267,0,0,0.000804828973843,0,-4.498826140182806,5.7087783836950114,0.0025982018286168,2.074823496807827,-3.687804209249566,4.07502760964716,0,0,0.000804828973843,0,-3.21567875162175,3.629396516849385,-0.0135705050821882,0.8910559084215629,-2.184662478671892,2.4906340720002107,0,0,0.0016096579476861,0,30.99270508947099,35.23762896202515,33.158708156682735,1.6494588995500463,31.03605050783789,35.17856573119428,0,0,0.0160965794768611,0,70.86882095812318,121.26598572951504,90.55323133948242,9.373081879055,73.26667278937057,114.4330351564472,0,0,0.0080482897384305,0,0.0168442864761258,3.467497016865202,1.5267221605330803,1.6872968270028823,0.0387373592074753,3.452720891298401,0,0,0.000804828973843,0,133,73.38556877428728,23.883544198227703,216.27639723280024,0.0201208053151119,876.5,True,67.70936552902945,139,0.8525,0.0479615664177497,1.1946504459998102,weak_radar_ecg_coupling,1,0.98,Apnea,,True
datasets_subject_11_to_20_scidata/GDN0020/GDN0020_3_Apnea.mat,GDN0020,Apnea,2018-03-21_13-01-13,v5,16.48,2000.0,2000.0,1000.0,100.0,200.0,493550,493550,246.78,True,,246.78,246.78,246.78,246.78,31587,30,60,-796.1005394903274,423.8417154261337,1960.00074195279,1720.794063193228,1.1563044582377016,1.139009474681516,0.1459200127079708,-2888.4592056274414,1327.8594017028809,-134.45817918983252,1005.1941562047164,-2656.2993669509888,1116.4974212646491,0,0,0.0004052274338972,2,-2008.852481842041,2806.7917823791504,-363.32476730972735,1075.3219411962166,-1868.9127826690676,2475.868978500368,0,0,0.0004052274338972,2,-2.859317057918552,5.818689252250399,-0.6264206331052559,2.0304288627672733,-2.5354291702546434,3.784936949265525,0,0,0.0004052274338972,0,-2.8422476256298537,5.783953082672701,-0.6226810532110215,2.0183076928207497,-2.520293270433881,3.762341789769813,0,0,0.0004052274338972,0,-14.01029002338646,13.801352856674724,0.0044343382996339,1.6770076641395055,-4.209136777470978,4.170231402001758,0,0,0.0004052274338972,0,-6804.067750204151,6252.867952432591,0.0341749082177146,814.1995089964837,-1957.21453321914,1960.9750852903264,0,0,0.0004052274338972,0,429.98432496803525,3472.9824189612505,1332.2829172106417,625.9031853208719,635.3858287879966,3042.9527842488123,0,0,0.0004052274338972,0,-0.3284681663827915,0.3189833265896777,-5.260558296408587e-05,0.0463359904446669,-0.1364234049629808,0.1201794562672924,0,0,0.0004052274338972,0,8.626200708302555,1.381147600446048,-1.283671140348598,0.987083477118988,0.0070672026470412,0.3616326083927013,-1.022991772893604,0.6199188241745066,0,0,0.0004052274338972,0,-1.3509195080186474,2.337942578750868,-0.0118416582654787,0.6059727310492952,-1.1182280970637362,1.2171100091874678,0,0,0.0004052274338972,0,-2.078654562171107,3.295285110348652,-0.0122915678550529,0.7349686937127634,-1.1897319351245514,2.316571385308062,0,0,0.0008104515836223,2,32.44213289127562,34.31893730861905,33.02732673407701,0.4198393259378959,32.52487034468638,33.997372450493295,0,0,0.0081043844719993,0,5.292760931579276,195.5539270625468,101.56512818351088,13.841787033684522,79.1444634721139,135.6188954616312,0,0,0.0040521922359996,2,0.0186136014677471,3.477719431264632,2.595279405028715,1.4706256785459078,0.0390070929449303,3.450255675058151,0,0,0.0004052274338972,0,254,62.45136129945613,7.984697303136243,90.9607559719252,0.02674506482639,1010.0,True,62.45026662317207,254,1.457,0.0499664958415063,1.4844925367033617,large_sync_lag,1,1.52,Apnea,,True
datasets_subject_21_to_30_scidata/GDN0021/GDN0021_3_Apnea.mat,GDN0021,Apnea,2018-03-26_12-41-45,v5,7.01,2000.0,2000.0,1000.0,100.0,200.0,209250,209250,104.62,True,,104.62,104.62,104.63,104.62,13392,13,25,32.99574079603292,953.1085214065952,2495.119961048826,1112.674452384337,-0.552426663939519,2.242452817804941,0.2577941876314998,-2525.237560272217,1672.3484992980957,-426.9000164952614,928.8364246026996,-2379.4097900390625,1470.8190441131592,0,0,0.0009557945041816,2,-885.9772682189941,2892.7364349365234,829.6008718210309,1003.4033038304256,-804.1517686843872,2754.025268554688,0,0,0.0009557945041816,2,-1.2441965141625837,23.870139564577304,10.67931503392442,9.13836153359353,-1.162332691597901,23.601433012509933,0,0,0.0009557945041816,0,-1.236768961456067,23.727640596199198,10.615562102308669,9.08380772222262,-1.1553938461413529,23.460538157352968,0,0,0.0009557945041816,0,-44.8514808041748,89.18010364857355,0.0240216252882784,3.753763909670101,-10.161812241410248,11.898930580108717,0,0,0.0009557945041816,0,-22285.13660362188,25146.50299245119,-0.0234914005946669,1473.44975901439,-4417.824733599711,4423.164893169471,0,0,0.0009557945041816,0,257.93304477860545,2369.6634996781586,1271.887916919714,501.8529870392032,528.5155777134462,2279.2506473966428,0,0,0.0009557945041816,0,-1.3125917992316052,0.990756794023124,7.455910688990658e-05,0.1562169300781373,-0.5571608197853603,0.4523933916377938,0,0,0.0009557945041816,0,24.964409557655262,3.997070729402581,-0.6176205550852282,0.8769080358523389,0.0082528335387627,0.2113209415138209,-0.3559204221768227,0.4545660629309954,0,0,0.0009557945041816,0,-0.9346631648638244,1.6952029862408458,-0.0091522971602151,0.3868660713776893,-0.603548387593128,0.9427322610767134,0,0,0.0009557945041816,0,-2.1100563008894886,2.7682192222491744,-0.0150673580576981,0.6186125280695134,-1.182854009566161,1.7717297335910025,0,0,0.0019115890083632,0,29.457504289653148,32.07001939870967,30.442653901086587,0.9101960754309611,29.479540451619577,32.00516241215021,0,0,0.0191149765841536,0,76.32405311103793,136.34572587519176,98.79807414436554,11.965014034941968,80.6509594543192,131.23677272961075,0,0,0.009557945041816,0,0.0107907826928703,3.492541855576543,2.0913656560970804,1.6643247379359385,0.0386091913663985,3.450415965901765,0,0,0.0009557945041816,0,87,71.64408136331743,4.313924931300691,35.605602488533016,0.0272402735496943,836.5,True,69.58604202754928,120,-0.6045,0.1154312019599845,1.7303661938164745,strong_iq_imbalance,1,0.79,Apnea,,True
datasets_subject_21_to_30_scidata/GDN0022/GDN0022_3_Apnea.mat,GDN0022,Apnea,2018-03-27_11-57-54,v5,10.27,2000.0,2000.0,1000.0,100.0,200.0,307450,307450,153.72,True,,153.72,153.72,153.73,153.72,19677,19,37,2.0481472438222568,1110.447333551322,1176.663029835394,935.4079046431162,-1.1195937188296303,1.2579143537217845,0.5172705763152714,-1971.1155891418457,1324.4099617004397,-177.3233265038486,579.7309341494491,-1372.139234542847,1146.2584304809577,0,0,0.0006505122784192,2,-452.1150588989258,3134.5810890197754,880.8718275779592,561.4142754230876,-127.57850646972656,2381.277732849121,0,0,0.0006505122784192,2,-8.312398221054593,7.718438721456104,0.0538904900582394,4.961744863729281,-8.22504950763792,7.465259349436708,0,0,0.0006505122784192,0,-8.262775211183042,7.672361506351366,0.0535687768475597,4.93212444519239,-8.17594794849008,7.4206935540381584,0,0,0.0006505122784192,0,-143.88142291824107,176.5580400517077,-0.0042519763368013,4.229582893996006,-10.571362486769756,10.440365634703255,0,0,0.0006505122784192,0,-103896.26263728856,95813.55915934785,-0.0578419789426191,2523.1164204595457,-6634.978778051043,6590.678147237422,0,0,0.0006505122784192,0,7.655964225154169,2372.7082707512686,719.1446398337156,366.20340202824326,113.27506038209025,1728.8950085634942,0,0,0.0006505122784192,0,-0.922972393876131,0.9685919240613912,7.066812391267516e-05,0.0889541642857082,-0.2206661860364409,0.2109931862185356,0,0,0.0006505122784192,0,15.935136717534409,2.5513869413007435,-2.924282567522787,1.6083371790184284,0.0078273097337897,0.3084640948509313,-0.8933012093913684,0.6923893831256022,0,0,0.0006505122784192,0,-2.5963046963531804,1.714695890569638,-0.0060453732557949,0.2214517361311685,-0.7625900093599779,0.5687598513254484,0,0,0.0006505122784192,0,-11.442085693666003,10.793505585266844,-0.022187229433598,0.8119852500149164,-1.7713330828394391,1.7062837403891338,927,0,0.0013089176559902,0,37.88614117265888,41.46660020360449,39.84557996957384,0.8335433369745587,38.67449043153563,41.40611487741107,0,0,0.013009822415924,0,70.39295605412626,118.7308987155118,91.03422355053507,10.16263984414481,73.01065749581511,113.7807489401584,0,0,0.0065051227841925,0,0.0108813260251051,3.4666855011120266,1.8752155484506603,1.69524217816885,0.038555911137864,3.4498388043161725,0,0,0.0006505122784192,0,151,58.90773353737452,3.420237671280433,20.19697465549975,0.2198738652589535,1023.25,True,59.04769909846299,152,-0.186,0.0333494900640298,1.0302790992507025,weak_radar_ecg_coupling,1,1.06,Apnea,,True
datasets_subject_21_to_30_scidata/GDN0023/GDN0023_3_Apnea.mat,GDN0023,Apnea,2018-03-28_12-13-16,v5,19.4,2000.0,2000.0,1000.0,100.0,200.0,583350,583350,291.68,True,,291.68,291.68,291.68,291.68,37334,36,71,-36.98728656366296,955.6458635079008,1111.3033817139942,951.7516417560568,-1.3658162865339554,1.1676400995364211,0.263168844217415,-1568.64595413208,1078.3166885375977,-39.016964384284805,645.9679276775854,-1290.0315856933594,972.7406358718874,0,0,0.0003428473472186,2,-326.2605667114258,2364.809036254883,1172.2983996743685,703.6420219206036,-218.9471864700317,2173.829817771912,0,0,0.0003428473472186,2,-7.28769188484292,16.7401601169588,1.221071313471477,8.291189410228904,-6.955096277929035,16.706255971538408,0,0,0.0003428473472186,0,-7.244186124324087,16.640225403938064,1.2137818126281747,8.241693011835892,-6.913576032859078,16.606523658077716,0,0,0.0003428473472186,0,-520.6514401884892,126.38264780948066,-0.030878838615793,3.173293203089654,-7.354561904948936,7.352053451199276,0,0,0.0003428473472186,0,-170997.8106248855,152338.4290370826,0.0041242687182387,1505.330885982101,-3394.1081630467083,3414.7566894748684,0,0,0.0003428473472186,0,42.7764032960164,1597.336878996975,915.0420542090887,274.01587112683904,345.53120278804886,1427.286489604867,0,0,0.0003428473472186,0,-1.7481169979774658,0.9011516403667372,-6.919137427550197e-05,0.1050713953871189,-0.275364118392606,0.2548486751929478,0,0,0.0003428473472186,0,23.884411528262152,3.824151417967237,-0.9585277707032333,0.8040620442883469,0.0089193970366894,0.3596329325193072,-0.8035337094822885,0.5930930934575143,0,0,0.0003428473472186,0,-1.2897706693993278,1.1048289495514778,0.0070793102370372,0.2628663267140381,-0.6944640021975886,0.6421050948096902,0,0,0.0003428473472186,0,-2.0861020012654428,3.815629056091296,-0.0115101680023334,0.8777667278558827,-1.3785070496572418,2.7454070997023683,0,0,0.0006856923435592,2,35.551245878649446,38.70187120721753,36.68479009592936,0.9104232586053888,35.67421677961045,38.57708046888227,0,0,0.0068568294020844,2,63.95477700604251,130.9506093202372,85.35984960241132,11.527299654694282,68.90890415645667,120.92314500539176,0,0,0.0034284147010422,0,0.0231219755268602,3.466639202995119,2.471698083162339,1.5364081797625913,0.0397555733486851,3.4497550807862702,0,0,0.0003428473472186,0,258,53.68698706107578,7.096877439779906,92.09952369922983,0.0334276736567646,1160.0,True,53.649920849964914,257,0.2635,0.0411102341580789,1.640217636731886,,0,1.72,Apnea,,True
datasets_subject_21_to_30_scidata/GDN0025/GDN0025_3_Apnea.mat,GDN0025_no02,Apnea,2018-07-03_13-00-13,v5,22.92,2000.0,2000.0,1000.0,100.0,200.0,683300,683300,341.65,True,,341.65,341.65,341.66,341.65,43731,42,84,-894.7301278280032,631.440839223754,2267.3168933611614,1737.4577268984424,-0.4744650305690889,1.3049623356353983,0.2111678121072321,-3490.9820556640625,2299.1175651550293,-495.0671898071298,1373.7081579200635,-3321.370153427124,1697.7545881271365,0,0,0.0002926972047416,2,-2056.595802307129,3304.281711578369,-71.45151650453755,1070.673394683531,-1499.4370031356812,2744.135036468506,0,0,0.0002926972047416,2,-9.35423732765496,17.508040634245994,0.1026364267763061,10.157832680796226,-8.724977917222075,17.409159486051397,0,0,0.0002926972047416,0,-9.29839478992917,17.403521859986107,0.1020237120959386,10.097192872886644,-8.672891906205576,17.30523100836567,0,0,0.0002926972047416,0,-323.05911141017555,75.3441000673472,-0.0112303696332904,3.2845487995737623,-8.186075763213639,7.904416962030426,0,0,0.0002926972047416,0,-135755.23817502277,138207.3699593905,0.0125305329536902,1271.308783185975,-2634.252261306031,2636.20043540718,0,0,0.0002926972047416,0,6.442702150879012,3686.280258334074,1666.3486269412788,506.6536042605477,542.9395060225424,3265.809195492156,0,0,0.0002926972047416,0,-1.6527145759704358,0.962906152066762,-0.0001356852680045,0.1366708884808277,-0.3385852898646945,0.325486870807704,0,0,0.0002926972047416,0,26.70191664991528,4.275264320345021,-1.1487634846636372,1.2752930331920098,0.0067040244424113,0.2857974734993277,-0.916793375226907,0.5244286959192,0,0,0.0002926972047416,0,-1.6142181761194585,2.754691765699482,-0.0092992441968107,0.469393989748488,-1.351559402296861,1.2073213652029016,0,0,0.0002926972047416,0,-6.452456727263109,10.94680694767434,-0.0581202000679541,0.6357348731716469,-1.135010303324749,2.697415473086158,411,0,0.0005860994786645,0,32.575007227933774,38.11209241016691,35.35467096344513,1.8258902259301637,32.75775833095506,37.84441967285784,0,0,0.0058537727565415,0,88.29442820680678,158.1272841251554,109.12473461153483,13.766920592672562,91.18296491006647,149.46611676366624,0,0,0.0029269720474169,0,0.0233603749921031,3.486825723218113,2.372996346717833,1.579925988508878,0.0416169690651706,3.4549607638610675,0,0,0.0002926972047416,0,316,74.89259590610119,6.361957119693664,39.36715843109961,0.1709354177307445,802.25,True,72.9280617835782,411,1.0075,0.0353608079127199,3.2225579139996725,large_sync_lag,1,1.93,Apnea,,True
datasets_subject_21_to_30_scidata/GDN0027/GDN0027_3_Apnea.mat,GDN0027,Apnea,2018-05-22_12-15-28,v5,11.26,2000.0,2000.0,1000.0,100.0,200.0,335300,335300,167.65,True,,167.65,167.65,167.65,167.65,21459,20,40,-8.406663284371234,690.6720074386634,3076.2330857169973,2635.728084922684,-1.059019287988884,1.16712839359802,0.2330755946694357,-3919.844150543213,3784.203052520752,1173.3642981651822,1870.1498713413264,-3361.0293865203857,2969.085702896118,0,0,0.0005964807634953,2,-3277.639865875244,3999.999523162842,814.2346187694515,1533.9570003114372,-2610.289134979248,3857.0302486419687,0,0,0.0074560095436922,11,-6.005918690651619,20.833169535911665,10.365364457905596,9.872183275197871,-5.631170604971142,20.6049752409829,0,0,0.0005964807634953,0,-5.970064806544015,20.708800545153053,10.303485735407191,9.813248725253182,-5.597553876430504,20.481968515054337,0,0,0.0005964807634953,0,-16.637648494302084,15.944677134778658,-0.014666756476839,2.484283099683196,-7.567565987293775,6.518126060940294,0,0,0.0005964807634953,0,-5234.549015847806,6835.338137235958,-0.0953122310217594,585.5459170833687,-1444.7273817641294,1451.5825854851164,0,0,0.0005964807634953,0,7.532382378658001,5395.294255926271,2203.779408182088,996.915713666432,533.0402590525591,4855.261082218595,0,0,0.0005964807634953,0,-0.7061838861908647,0.6532534052881902,5.403988768165082e-06,0.1376753042316482,-0.3118103056645034,0.3019694538839706,0,0,0.0005964807634953,0,26.67886535169707,4.271573559337038,-1.911607489870532,3.3798514755529845,0.0060217415298103,0.5247950443504205,-1.532372188768121,0.7730498639612211,0,0,0.0005964807634953,0,-3.767033707143308,5.067905017748561,-0.1682430114577654,0.8374208814139836,-2.3591734660353008,2.3361300119582813,0,0,0.0005964807634953,0,-11.403494417654018,10.131740725116686,0.0971479662949503,1.3788713254389418,-3.9442835427328857,6.885150364831357,4901,0,0.0012288861989935,0,35.45834594378919,38.88373199300509,37.284055815174376,0.97827155466668,35.51672994796498,38.71516445527188,0,0,0.0119296152699075,0,77.32379365200269,154.7939034853984,109.06886903700808,14.188129940903725,82.81254180927162,145.27278217819162,0,0,0.0059648076349537,0,0.0185686174609431,3.4560134518772374,1.3669691175376726,1.657437682804966,0.0403561433399721,3.449240909855451,0,0,0.0005964807634953,0,174,86.26706705854545,40.52726355100786,291.77136666473183,0.0351924700043841,823.5,True,64.38165093085331,172,0.0465,0.1118793383439946,2.362889603074944,,0,1.14,Apnea,,True
datasets_subject_21_to_30_scidata/GDN0028/GDN0028_3_Apnea.mat,GDN0028,Apnea,2018-05-23_12-21-35,v5,16.21,2000.0,2000.0,1000.0,100.0,200.0,484300,484300,242.15,True,,242.15,242.15,242.16,242.15,30995,30,59,-369.1827491530552,769.9177311967579,2077.6335616042547,1600.1754184269926,-1.3009765532865298,1.2983786262924937,0.139956340221179,-2529.6287536621094,1918.302059173584,-623.1316257364957,946.105604611395,-2289.229898452759,1552.9406070709235,0,0,0.00041296716911,2,-2512.3391151428223,3082.332134246826,1325.9714665591114,1513.2556847409608,-1395.9444046020508,3001.230721473694,0,0,0.00041296716911,2,-6.143776190415925,17.156080984419177,6.422705737367087,7.380923904903849,-3.4041854085641488,15.87823926705679,0,0,0.00041296716911,0,-6.107099330328376,17.05366332426779,6.384363735247871,7.336861571741502,-3.383863243811996,15.783450013349448,0,0,0.00041296716911,0,-21.54814279943821,21.050050799357564,0.002625965774369,2.836583196154731,-7.423395759125758,7.634147549462799,0,0,0.00041296716911,0,-6238.699831502116,4926.173904159776,-0.0364046424416244,857.4027274386044,-2101.506385904658,2098.202119976244,0,0,0.00041296716911,0,600.4601491830779,3991.9790711162686,1715.0386871927597,493.6606971494345,822.8754517048716,2928.0476484123624,0,0,0.00041296716911,0,-1.1001227011000791,0.8866750735063318,9.640864922607637e-06,0.1223832031833593,-0.3058042717939646,0.3172612856783074,0,0,0.00041296716911,0,23.16076265459617,3.7082874427101697,-0.5342050549744238,0.8062624447582667,0.00919301957782,0.2543971437792026,-0.4383042093373067,0.4547049761843812,0,0,0.00041296716911,0,-1.2819009021007697,2.139704168337428,-0.0643275244678982,0.3072892698419259,-0.856888232670585,1.0776881941386236,0,0,0.00041296716911,0,-5.054950725831698,2.742229586323891,-0.0359753068384987,0.554351570155563,-1.053833605980921,1.804228457232668,0,0,0.0008259343382201,0,35.20664300976275,37.57663404034042,36.02318119515399,0.5720415414852299,35.28041120180225,37.2548833457299,0,0,0.0082590023125206,0,47.6911136511254,122.91853019674716,75.95439827766681,13.360610854042402,52.20658572462324,110.83815659216847,0,0,0.0041296716911005,0,0.0232196158197816,3.474279240091924,1.836969006502286,1.6980267653772785,0.0402831535454504,3.447834768988487,0,0,0.00041296716911,0,220,68.28880200188027,11.663829817287912,194.9594088945308,0.0274623734511118,906.0,True,67.53004513582327,266,-0.713,0.052187024373354,1.8909333778124315,,0,1.44,Apnea,,True
datasets_subject_21_to_30_scidata/GDN0029/GDN0029_3_Apnea.mat,GDN0029,Apnea,2018-05-24_10-04-15,v5,11.07,2000.0,2000.0,1000.0,100.0,200.0,331000,331000,165.5,True,,165.5,165.5,165.5,165.5,21184,20,40,-281.7029969563781,251.0468203055349,1163.679776007068,657.6115514963109,-1.0239344447781755,1.7695549498168994,0.1036086477062679,-1630.8493614196775,1213.6049270629885,-160.707694348972,471.3936510982221,-1121.5663480758667,661.539649963379,0,0,0.0006042296072507,2,-1461.9646072387695,1719.7957038879397,456.554092081652,768.813599374011,-807.4493598937988,1349.772539138794,0,0,0.0006042296072507,3,-0.9057039319231864,9.591657318773173,3.979959489770032,3.669403162135101,-0.8392058129880127,9.405726995899707,0,0,0.0006042296072507,0,-0.9002970981840752,9.53439744103916,3.956200092806952,3.647497711446259,-0.8341959569591368,9.349577077289648,0,0,0.0006042296072507,0,-25.589554527321454,21.204902058227862,-0.0137760278122071,2.5317931610758504,-6.251139974023609,6.668836238861148,0,0,0.0006042296072507,0,-15146.075770351164,15032.667452456157,0.0542460067318349,1364.4783790883932,-3428.622847617224,3435.758648565108,0,0,0.0006042296072507,0,106.12813376951662,1966.453216074888,858.5602649304908,275.9720934453707,227.13193740006523,1285.6330131498307,0,0,0.0006042296072507,0,-0.4257201655317785,0.5787642971825099,-6.62401596691042e-05,0.0820036884602504,-0.2233980348352755,0.2081571841810975,0,0,0.0006042296072507,0,10.434694539223234,1.6707069324696462,-0.777681910961127,0.5109571889396706,0.0041767100511476,0.2851829433952753,-0.6359988265636953,0.3803942219334615,0,0,0.0006042296072507,0,-1.3576722887910384,1.6904573753795515,-0.0008255904952623,0.3184701047758897,-0.7325409141143647,0.956011166859144,0,0,0.0006042296072507,0,-2.478093864223459,2.9614463140902907,0.0076395034205508,0.6925769098857963,-1.703220080303232,1.996410117927856,0,0,0.0012084592145015,0,29.61562140663246,33.027970101516274,30.92027248258879,0.9265813323734416,29.644622880383174,32.53427239423115,0,0,0.0120845921450151,0,67.49889496796622,117.36326294415034,85.73419935824879,9.258681060980498,69.87098155856962,111.23453990772008,0,0,0.0060422960725075,0,0.0205478883938433,3.4576283088766404,1.4925586634966777,1.6824350497569165,0.0399002310537169,3.449867239115555,0,0,0.0006042296072507,0,181,67.48463452210181,5.9037290631554376,91.57768238011028,0.0320242659343381,888.5,True,67.61039118510674,186,-0.0775,0.0408494078565723,1.1206814620740964,weak_radar_ecg_coupling,1,1.07,Apnea,,True
datasets_subject_21_to_30_scidata/GDN0030/GDN0030_3_Apnea.mat,GDN0030,Apnea,2018-05-24_15-27-23,v5,11.31,2000.0,2000.0,1000.0,100.0,200.0,338050,338050,169.03,True,,169.03,169.03,169.03,169.03,21635,21,41,-949.0439009205764,1175.4522980625125,2055.4309146909977,1356.4981893407885,-1.0427393098598057,1.5152478129660214,0.0677498771719066,-2713.404655456543,1961.05432510376,-604.9568725228221,966.511529360068,-2498.083415031433,665.4246520996096,0,0,0.0005916284573287,2,-1631.546974182129,3786.1099243164062,1350.7987919271284,1444.1321053817976,-779.3962955474854,3155.089154243469,0,0,0.0005916284573287,2,-5.941495187109553,17.617334023390605,2.618563668187774,5.05628600043332,-5.842986750455191,13.274670995133745,0,0,0.0005916284573287,0,-5.906025895759325,17.51216279399272,2.6029314754919715,5.026101194142717,-5.808105530681243,13.195424415228008,0,0,0.0005916284573287,0,-18.9224902819451,24.338698285471764,0.0032894221400734,2.647392156591633,-6.524017866789207,8.693185265054618,0,0,0.0005916284573287,0,-6381.446436649305,6966.599409047398,0.0292998758005672,984.262285756092,-2419.9062768614517,2399.0886959999566,0,0,0.0005916284573287,0,858.4094476142491,3222.206032149832,1698.0016565748267,369.3947054974454,917.3741000689428,2358.1463539995366,0,0,0.0005916284573287,0,-0.4796039286292392,0.4767637928607278,-1.1697832176663593e-05,0.0651290918800826,-0.2065220815375436,0.1842273380563838,0,0,0.0005916284573287,0,23.418188689752043,3.749504122308834,-1.1494541471770874,0.8140363716495526,0.0083227977622166,0.2402549377836175,-0.6766067889721438,0.4415735515877633,0,0,0.0005916284573287,0,-0.6813107863509218,1.279344589878851,-0.0093266067622204,0.2104176259501822,-0.378005091481716,0.658597052613847,0,0,0.0005916284573287,0,-7.632776411290481,5.600539962595918,0.0056703601487806,0.6752416269988537,-1.6275401140876613,1.9084375942415224,0,0,0.0011832569146575,0,34.87909511089488,37.06260755941704,35.74304486318842,0.5962132814461649,35.04210862432591,36.763197290107655,0,0,0.0118322191326983,0,68.28342197484216,131.3623524592779,90.53805613973462,10.277027315942776,71.88477646227689,118.93238337032952,0,0,0.0059162845732879,0,0.019153881343642,3.4724132492783912,2.110448670545388,1.660263674111299,0.0400796198181238,3.451317590902961,0,0,0.0005916284573287,0,116,60.39319685063543,5.82003911556403,97.5899446525988,0.1387372836482285,982.0,True,58.0446338127359,161,-1.1625,0.0158543444586748,1.5058709986993757,large_sync_lag,1,1.1,Apnea,,True
datasets_subject_01_to_10_scidata/GDN0006/GDN0006_3_Apnea.mat,GND0006,Apnea,2018-02-16_13-27-16,v5,9.6,2000.0,2000.0,1000.0,100.0,200.0,287350,287350,143.68,True,,143.68,143.68,143.68,143.68,18390,17,34,2409.2262768199366,908.146440571826,2862.9876310547647,1877.7522523533364,0.613328188231574,1.524688694936544,0.5781132198751405,-2215.688705444336,3999.999523162842,1827.9275667603083,840.0440007208764,-676.0164976119995,3971.7279148101807,0,0,0.353923786323299,696,-2621.689319610596,3944.2076683044434,2046.3115339808533,903.5598821389716,-1328.046326637268,3288.0646324157715,0,0,0.0006960153123368,2,-2.6748984749700977,14.1493860740738,7.122632068665879,5.764586302081631,-1.248537701857173,14.083787147082845,0,0,0.0006960153123368,2,-2.658929977083095,14.064917656397215,7.080111675386406,5.730173114050161,-1.24108423330855,13.99971033915775,0,0,0.0006960153123368,2,-121.29787307032912,85.42603102299563,0.0472901320853163,4.13046444874167,-10.04862447272486,11.089982030713044,0,0,0.0006960153123368,0,-65140.20486388408,60880.00935322797,-0.1064357645179779,2277.868935750937,-5739.834515406278,5705.479146449813,0,0,0.0006960153123368,0,47.72861927971,4877.480731672889,1013.8396289219804,703.010377295719,209.46878664604688,3635.715420458042,0,0,0.0006960153123368,2,-1.2223266771872372,0.9411590857161256,-6.416315121081598e-05,0.1219730263637182,-0.3606618659542107,0.396743737016565,0,0,0.0006960153123368,0,16.72384763348031,2.677668049964936,-0.195170386785017,0.601108476783413,0.0069675274358597,0.0754699469435771,-0.1130090084907464,0.2710641539200212,0,0,0.0006960153123368,0,-2.003716256008362,2.4782749172582865,-0.0028944741293984,0.6964339655154697,-1.3270188470582254,1.3657091151330398,0,0,0.0006960153123368,0,-3.8041978752122896,3.04872763717032,-0.0059525668721415,0.6975305767654956,-1.779135141452977,1.994351346323775,0,0,0.0013920306246737,0,29.28487952580739,32.71417625160454,30.945056718010456,1.3823416052498982,29.3574028199105,32.679381117620856,0,0,0.0139198218262806,0,56.31837894544717,95.91561745245504,75.88053392814433,8.932401622144026,60.20943142643704,93.80598592044178,0,0,0.0069601531233687,0,0.033170103550174,3.5060591936096124,1.5285901193307212,1.6856937715234894,0.0479200166116301,3.451616257153704,0,0,0.0006960153123368,0,91,62.72709022881689,3.501162518160341,26.612913389760784,0.0845661547456229,982.5,True,68.62395374853631,160,0.7595,0.128709591463577,1.29299301177191,weak_radar_ecg_coupling,1,1.01,Apnea,,True
datasets_subject_01_to_10_scidata/GDN0001/GDN0001_1_Resting.mat,GDN0001,Resting,2018-02-06_10-57-16,v5,40.07,2000.0,2000.0,1000.0,100.0,200.0,1215200,1215200,607.6,True,,607.6,607.6,607.6,607.6,77773,75,150,632.3258954169935,-27.50509551189907,1639.721331085907,1405.5104189667609,0.1573829500149264,1.1666376207238098,0.3215752378857804,-1120.929718017578,3199.366569519043,1603.37031742591,508.5071731452885,605.160665512085,2608.0700731277466,0,0,0.0001645819618169,2,-1785.625457763672,2009.7851753234863,-705.5556508469064,682.249232198236,-1551.8365287780762,1232.2558832168584,0,0,0.0001645819618169,2,-1.8810052403423865,3.1488692107693472,-0.7782099239029978,0.6514897135076019,-1.6478452199407094,1.3015901651712736,0,0,0.0001645819618169,0,-1.869776093334785,3.130071222057204,-0.773564198600983,0.6476004772577415,-1.6380079819449662,1.2938199862292434,0,0,0.0001645819618169,0,-32.93061721782506,27.587722463688557,8.263910091470412e-05,3.188133798829507,-8.611143378881499,8.677987528099377,0,0,0.0001645819618169,0,-16721.892385250467,18721.31333637377,-0.0269230890916803,1909.2469428272648,-5349.611007640626,5350.862889430817,0,0,0.0001645819618169,0,2.337899816277202,2951.3864495254734,775.6063330448436,349.9691073738168,213.3595980590718,2380.705898596504,0,0,0.0001645819618169,0,-0.8317026090549893,0.8679116497537503,1.2770145473063842e-05,0.0855107766812236,-0.15193007026251,0.1928536663818505,0,0,0.0001645819618169,0,4.999847315391989,0.8005293820260663,-0.3972455815803151,0.9832221841254046,0.0121848124943402,0.062713148819076,-0.0865034204369188,0.1986299628768461,0,0,0.0001645819618169,0,-1.2334056409752236,1.279811796420341,-0.0058567504609757,0.1853881751256824,-0.4161961246356969,0.9138724922961248,0,0,0.0001645819618169,0,-2.7996568495255607,2.932777783807926,-0.0082909904370351,0.7603508762833779,-1.5313527974490828,2.1253136557088355,0,0,0.0003291639236339,0,24.810088036197293,28.11455312702968,25.49409988775037,0.4810183866161647,24.888165365636876,26.69539165257594,0,0,0.0032916392363396,0,74.67527896114066,137.01415056312334,97.87837481426703,11.626800841701314,79.64160671242772,131.05134545016278,0,0,0.0016458196181698,0,3.4456350182367,3.455911220348769,3.4504832647147627,0.0011567731955793,3.4486143194614844,3.453015609705427,0,0,0.0001645819618169,0,690,71.62447975502869,5.321166371999685,141.01588714879048,0.1806288517353947,827.5,True,72.2144579310136,729,-1.581,0.036196861006725,1.2349809252095298,large_sync_lag;weak_radar_ecg_coupling,2,2.65,Resting,,True
datasets_subject_01_to_10_scidata/GDN0002/GDN0002_1_Resting.mat,GDN0002,Resting,2018-02-06_15-41-19,v5,40.96,2000.0,2000.0,1000.0,100.0,200.0,1244700,1244700,622.35,True,,622.35,622.35,622.36,622.36,79661,77,154,1170.9836835015772,202.10133038204367,2817.7133358650617,2496.24513656588,-1.453284314729408,1.1287807012982027,0.1949959205676033,-4000.0,3999.999523162842,-316.5755075495473,1195.0504008453636,-1571.7254638671875,3551.428308486939,0,0,0.0379207841246886,456,-4000.0,3728.428363800049,-1258.5219161684968,929.8765837052964,-2767.5500774383545,1867.5561094284064,0,0,0.0053024825259098,65,-1.515962933232616,20.636102001205817,3.6078044110941367,3.1852205427415248,-1.459039484586882,10.003069381590764,0,0,0.0001606812886639,0,-1.506913000637933,20.512909456036077,3.586266690072436,3.166205545356632,-1.4503293712331629,9.94335347320091,0,0,0.0001606812886639,0,-113.64593572482,81.8051032162457,0.0109959576227994,2.436928398500714,-4.632043681040575,4.850369305285792,0,0,0.0001606812886639,0,-17136.176456192858,37834.41164123418,-0.0061251247254376,855.0178963004088,-2136.0762989300306,2140.6413473453035,0,0,0.0001606812886639,0,22.9610777200296,5398.649471927775,1293.292411604295,787.5345450015794,307.27391146614843,4375.082198423843,0,0,0.0001606812886639,0,-2.8409236575033776,2.290339011331405,-7.918041432554587e-05,0.1061097450960317,-0.1785995779215118,0.2346387703040252,0,0,0.0001606812886639,0,22.019822456674007,3.525610634008519,-0.3276662162874191,0.4535962826917074,-0.0008527056102475,0.0785209923894956,-0.1783646042595553,0.2856811112919768,0,0,0.0001606812886639,0,-3.245762886633287,2.0850994030899472,-0.0074749124281357,0.3958707178259333,-1.905352918609448,0.9388831606586836,0,0,0.0001606812886639,0,-4.716402803697218,10.754885060267377,-0.008393824324572,0.6120975497396461,-1.0382939379160083,1.6389613401291117,0,0,0.0003213615445921,0,24.517868383239684,27.695497781011813,24.98477961561014,0.266683636161329,24.612154779457576,26.08481893366412,0,0,0.0032135741371553,0,70.12068553302623,125.21463440350146,87.60835277146019,7.426380814930559,75.69544640982356,107.10874877943152,0,0,0.0016067870685776,0,3.445904654788368,3.4565295786536865,3.450734782239328,0.001181576738504,3.44875111860525,3.45336182690307,0,0,0.0001606812886639,0,721,70.28357880267926,7.334293610448928,38.66242403146592,0.0810637752581146,861.0,True,70.28360770062619,721,0.4495,0.0189236830251148,2.107308704967319,,0,2.97,Resting,,True
datasets_subject_01_to_10_scidata/GDN0003/GDN0003_1_Resting.mat,GDN0003,Resting,2018-02-07_17-20-06,v5,39.57,2000.0,2000.0,1000.0,100.0,200.0,1202700,1202700,601.35,True,,601.35,601.35,601.36,601.36,76973,75,149,417.317858766032,-111.91162597955643,3074.9949312813646,2898.459898344532,0.2978072043839903,1.0609064948725568,0.0471346738807418,-2769.3538665771484,3565.7849311828613,72.49012730569031,1909.5989987472472,-2600.784320831299,3479.5622968673706,0,0,0.0001662925085224,2,-3199.6054649353027,3039.865016937256,743.7316275086994,2075.428316325882,-3064.2843437194824,2984.3158769607544,0,0,0.0001662925085224,2,-6.567199293034218,4.678134937967256,-2.6073235999842552,2.393834865399901,-5.63844922039196,3.685173398461191,0,0,0.0001662925085224,0,-6.527994699283976,4.650207602193183,-2.5917585077810648,2.3795442493830072,-5.604789040275102,3.663173803270116,0,0,0.0001662925085224,0,-8.365918567017843,9.798886509654976,-0.0054588286098742,1.5245050731928451,-3.5106762805912526,3.8529079568816154,0,0,0.0001662925085224,0,-4299.516940448113,4651.903032081784,-0.004927066230823,678.385017916395,-1672.3792088233852,1672.4623883720192,0,0,0.0001662925085224,0,1828.074029384759,3998.779393370335,2739.3560296530595,670.74553671807,1904.0117321155096,3883.3704504398497,0,0,0.0001662925085224,0,-0.2684562301831713,0.2101589784743514,1.0645322811310811e-05,0.0414095317148218,-0.1014105743774564,0.0910460206405451,0,0,0.0001662925085224,0,11.17820230147716,1.7897505295843823,-0.2619755786992782,0.5561520992919322,0.0052460683795016,0.0886157191391595,-0.1699752943156105,0.4371742206902513,41,0,0.0001662981776214,0,-14.769988195341885,20.18093955512643,-0.0095528808641018,0.2610147209092167,-0.2425528398928443,1.417258774734395,0,0,0.0001662925085224,0,-6.798811043670924,7.714163187695217,-0.0097294318803934,0.5433219608408137,-0.9303774526247536,1.681507350914961,51,0,0.0003326121193877,0,14.762777792479197,24.60471839839627,22.939860561024176,0.2979230242515149,22.5362888403603,23.735753882955244,0,0,0.0033257948649727,0,85.33548658607926,145.03056030886515,108.26400683737614,12.666443347189189,89.35899774039957,140.59961873721167,41,0,0.0016634644975089,0,3.425318801234576,3.4627912297657497,3.450706228794085,0.0011806359443298,3.4487592273457754,3.4533447434681928,45,0,0.0001662987307249,0,597,60.6875526690818,8.538127767878922,99.40873944976668,0.1994680298229233,1024.75,True,60.68696812473925,597,0.155,0.01843286719719,2.154293000911468,,0,2.93,Resting,,True
datasets_subject_01_to_10_scidata/GDN0004/GDN0004_1_Resting.mat,GDN0004,Resting,2018-02-09_16-08-10,v5,39.73,2000.0,2000.0,1000.0,100.0,200.0,1206150,1206150,603.08,True,,603.08,603.08,603.08,603.08,77194,75,149,347.7808510563683,12.928851062604965,1903.733004999616,1706.0529389419712,0.4444632640354222,1.115869831202447,0.0509588274929241,-1780.5805206298828,2566.3294792175293,164.46547066014446,1361.6374257737575,-1587.9719400405884,2248.504557609558,0,0,0.0001658168552833,2,-1910.348415374756,2082.444667816162,-625.1001745890618,997.3087700821964,-1793.158073425293,1731.6401624679563,0,0,0.0001658168552833,2,-4.796643299857338,9.135229556358343,-1.7637543587321338,1.6183212009291563,-4.148720413128784,3.2504118760682617,0,0,0.0001658168552833,0,-4.768008497783463,9.08069444213513,-1.7532251711707558,1.6086602141966342,-4.123953554210313,3.2310077021676187,0,0,0.0001658168552833,0,-14.381722014356228,17.59548517282508,0.0011144359741823,2.6475006256620204,-6.2736278024304015,6.370974597198003,0,0,0.0001658168552833,0,-9249.046233386964,7903.4848283885185,0.0107102784553677,1226.2792008521535,-3015.4132736703577,3018.395935399187,0,0,0.0001658168552833,0,436.6075947815912,2831.506744537615,1633.055395303899,426.3934075703711,990.8118564719958,2580.989388350185,0,0,0.0001658168552833,0,-0.3800840881308293,0.7150716261671298,2.1396222796672773e-05,0.1069540207584982,-0.1947700335117122,0.207876184029103,0,0,0.0001658168552833,0,13.848702939918592,2.217326431594528,-0.3132211384491234,0.2390854278384376,0.007564925411739,0.0496802806966978,-0.1270239099534556,0.1328721236750175,0,0,0.0001658168552833,0,-2.2691838492767302,3.871897563305808,0.0820697964544389,0.4199486570767392,-1.1643730344794432,1.5472542386676504,0,0,0.0001658168552833,0,-2.503181681925787,3.719413413767185,-0.0120471362215794,0.970780477647524,-1.6019875240179235,2.778446991160884,0,0,0.0003316326107611,0,41.305049853246736,44.24125020038024,42.0253085268256,0.3759979731923219,41.552766155595634,43.263385334093165,0,0,0.0033163096106652,0,93.43629205109838,139.91364252798684,111.77622682212656,11.28343568952112,95.61307190341594,136.3087471827096,0,0,0.0016581548053326,0,3.4447128325079186,3.4563643553808108,3.449956612442746,0.0012933098341918,3.447646011234193,3.452915025455753,0,0,0.0001658168552833,0,701,69.90323195225568,3.083560873218146,42.6885533769118,0.1203002282470905,862.0,True,69.97278120748283,702,-0.3565,0.0260904984229566,1.8879294786364875,,0,2.88,Resting,,True
datasets_subject_01_to_10_scidata/GDN0005/GDN0005_1_Resting.mat,GDN0005,Resting,2018-02-16_09-54-55,v5,40.41,2000.0,2000.0,1000.0,100.0,200.0,1220200,1220200,610.1,True,,610.1,610.1,610.12,610.1,78093,76,151,-269.50748173270176,336.8319781527839,1629.8935149494412,1230.8423680870824,0.3386603164886899,1.3242097909601094,0.3016292623173758,-2187.520980834961,2906.508445739746,420.6766496625343,939.2166067638342,-1906.9638442993164,1879.329814910889,0,0,0.0001639075561383,2,-1256.6184997558594,2646.8305587768555,259.01226879748884,718.4938777549542,-1118.9732885360718,1872.560510635376,0,0,0.0001639075561383,2,-1.1937178684754848,13.890389433212809,7.23135451197797,2.273319918780609,2.5643248819775346,12.45646148718173,0,0,0.0001639075561383,0,-1.1865916610927387,13.80746716293248,7.188185071969231,2.259748747889745,2.549016481736324,12.382099420434573,0,0,0.0001639075561383,0,-746.1828928656805,123.11823023887132,0.0157262258136649,4.550580481694926,-10.802784063513636,10.130856557677388,0,0,0.0001639075561383,0,-232618.1123018458,218673.0212806554,0.0172266456037389,2160.3791464271453,-5358.651338404686,5378.91997492516,0,0,0.0001639075561383,0,22.7957558259592,2621.4854608218207,1057.3917858661732,529.4184526204837,241.8356557065321,2389.659261801007,0,0,0.0001639075561383,0,-1.4783441841778606,1.455437752955511,5.156827083704141e-06,0.1266562301577871,-0.3502165960028262,0.3509996194081013,0,0,0.0001639075561383,0,14.994058824025217,2.400710239192243,-0.250270034392164,0.3069522175642005,0.0077498955983514,0.0531501068335621,-0.1259259451980875,0.1675528847437272,0,0,0.0001639075561383,2,-0.3005303662212252,1.2733886188313557,-0.0099014111991023,0.171273988440901,-0.1963973741322608,0.8820400007463287,0,0,0.0001639075561383,2,-4.070611242257376,3.133552749573146,-0.0109678241500535,0.7209354944889892,-1.3329379078873216,2.0907004383039425,0,0,0.0003278151122766,0,41.96827374451573,44.03393262470576,42.65747743691964,0.3256609945690571,42.13285056816965,43.52807568837322,0,0,0.0032780436635415,2,89.94868196771337,158.32975513792448,111.05373940716044,13.443733715065289,94.04373977163976,151.64380022092095,0,0,0.0016390755613833,2,3.4448879410815296,3.456746437868495,3.4503545881489144,0.0014003491352231,3.4477603059206463,3.453552209086552,0,0,0.0001639075561383,2,644,63.57263207498143,4.3364219448586345,43.983601978358415,0.1102279218389787,954.5,True,63.56713138583008,644,-1.7825,0.0306296657571102,1.351771907470546,large_sync_lag,1,2.92,Resting,,True
datasets_subject_01_to_10_scidata/GDN0007/GDN0007_1_Resting.mat,GDN0007,Resting,2018-02-19_09-26-56,v5,42.06,2000.0,2000.0,1000.0,100.0,200.0,1269850,1269850,634.92,True,,634.92,634.92,634.92,634.92,81270,79,157,1505.574017848478,849.3297868978927,1486.437223129881,1196.2393546172043,-0.1717906427484177,1.242591808564549,0.2036800540361574,-425.9185791015625,3479.6175956726074,2026.2060913677435,966.3907026796848,-166.48852825164795,3097.0742750167847,0,0,0.0001574989171949,2,-881.4797401428223,2692.6937103271484,1302.0707244079226,579.0756902990113,-489.1848659515381,2415.953402519226,0,0,0.0001574989171949,2,-1.1057907713859725,6.577255811516375,1.4460820270489882,1.2893068011866882,-0.3213806939176832,5.515235877170508,0,0,0.0001574989171949,0,-1.0991894675377798,6.537991182779521,1.4374492665874448,1.2816099509611196,-0.3194621287909057,5.482311250955711,0,0,0.0001574989171949,0,-279.0698074417576,255.23812624684456,-0.0017061339604739,4.825943168253191,-11.330082232255734,11.120382709247952,0,0,0.0001574989171949,0,-194826.23350634312,208243.53024797252,0.034979808840023,3017.949089448702,-7018.566586824483,7034.82993423786,0,0,0.0001574989171949,0,0.3146287830609343,2515.189706494747,1025.4068493665516,466.6695175315946,212.64817168202777,2302.6597921027155,0,0,0.0001574989171949,0,-1.1404325342493102,1.093432650323422,3.157927439313508e-05,0.0931515601799525,-0.2032587932008627,0.2002578439750703,0,0,0.0001574989171949,0,7.637180650317301,1.222794841674204,-0.1898779020917147,0.3181459433686746,0.0068835458734044,0.0693009189173914,-0.0905121067663482,0.2443662821290184,0,0,0.0001574989171949,2,-0.5809040477827128,1.4020113499231592,-0.0136351895080958,0.2239998896398017,-0.3035614230332106,0.8891388311635514,0,0,0.0001574989171949,2,-1.8938759421471532,2.6992604543729506,-0.0126306254084553,0.727190533930712,-1.300423019406864,1.9349604290869915,0,0,0.0003149978343898,0,26.7761972162878,28.27398124180016,27.189441637121316,0.2728187893822812,26.846237734340868,27.98660050492667,0,0,0.0031500031500031,2,58.58410207353146,107.36485136107942,74.82430003334397,8.883443256847926,61.71459507619904,100.93532708422713,0,0,0.0015750015750015,0,3.445572158215131,3.4568512928019186,3.450829383089302,0.0013358195086625,3.4483848014894445,3.453874496757205,0,0,0.0001574989171949,2,1294,89.08313464687605,15.554593160974354,142.91152218549283,0.225853625116057,660.5,True,62.27949853284273,647,0.2635,0.0263521838216546,0.9410975050938918,weak_radar_ecg_coupling,1,2.96,Resting,,True
datasets_subject_01_to_10_scidata/GDN0008/GDN0008_1_Resting.mat,GDN0008,Resting,2018-02-19_11-50-49,v5,40.98,2000.0,2000.0,1000.0,100.0,200.0,1237150,1237150,618.58,True,,618.58,618.58,618.56,618.58,79178,77,153,1115.7284664966276,1235.9316741079683,1479.213377886693,1258.9664794517212,-1.102229171776378,1.1749426231990618,0.1455200291521263,-702.7382850646973,3032.029151916504,1321.865516205938,619.3004751175304,184.8375654220581,2488.622431755066,0,0,0.0001616618841692,2,-542.7556037902832,2639.459609985352,29.706188839485858,311.99457391929604,-369.76224422454834,1126.880512237549,0,0,0.0001616618841692,2,-1.5573434087926146,10.862202827964552,-0.2828404240310955,0.8500320029493219,-1.3278394760538377,1.290227937921033,0,0,0.0001616618841692,0,-1.5480464447525415,10.797358100387184,-0.2811519350077689,0.8449575171809849,-1.319912595065249,1.2825255887316214,0,0,0.0001616618841692,0,-17.877739566791547,17.852407262201268,-0.0025924810535939,2.495069570974892,-6.008475875878013,6.012409157029149,0,0,0.0001616618841692,0,-16933.98142125397,8942.154784009243,-0.0468980356045118,1531.5138520216422,-3724.500696023921,3721.532087699392,0,0,0.0001616618841692,0,0.1649666715802145,2626.6065239536324,601.8750961871287,344.41263220970404,74.84617496604348,1669.204737973996,0,0,0.0001616618841692,0,-0.3189722172252561,0.3015557544775079,8.405596980843797e-06,0.040507054399903,-0.0905029018711904,0.0762712543828891,0,0,0.0001616618841692,0,12.345404545139726,1.9766321745382496,-0.251920722075968,0.4603413559688029,0.0092204259094064,0.0676241180607971,-0.1327845651568276,0.2978805337401265,0,0,0.0001616618841692,0,-0.7224979420360609,2.8183751809394897,-0.0098734362280499,0.2559314199849596,-0.4377527065556323,1.466875963402236,0,0,0.0001616618841692,0,-1.4873877387882786,2.91709647273492,-0.0111175805019634,0.529163771022546,-0.8066469072879788,1.686262665593251,0,0,0.0003233227229593,0,21.50678088642355,24.31063961525796,21.857698642750137,0.2314945164126736,21.5870471091883,22.56255216444181,0,0,0.0032333160889808,0,54.84315825028546,102.08528440769771,72.05673656469047,8.958862950032966,58.513584629009536,95.97033379438577,0,0,0.0016166057745158,0,3.4442957854357883,3.456084573815703,3.4498395767461743,0.001386305345442,3.4472557129588024,3.4530190812824624,0,0,0.0001616618841692,0,589,57.29175129667379,3.564886291102456,62.42558772976955,0.041789630836706,1055.25,True,57.29201892454677,589,-0.2635,0.0184320817995049,1.248270183618925,weak_radar_ecg_coupling,1,3.01,Resting,,True
datasets_subject_01_to_10_scidata/GDN0009/GDN0009_1_Resting.mat,GDN0009,Resting,2018-02-19_14-55-07,v5,42.94,2000.0,2000.0,1000.0,100.0,200.0,1298800,1298800,649.4,True,,649.4,649.4,649.4,649.4,83123,81,161,592.9334283511927,834.4500850553343,2691.470985414577,2593.973298480122,1.2102960817647954,1.037586233825761,0.0485580314419237,-2531.465530395508,3445.657730102539,-83.34956580578529,1631.1131016483666,-1774.792251586914,3299.757962226868,0,0,0.0001539882968894,2,-2553.534984588623,3703.032970428467,-757.7773536852334,1185.966195764577,-1945.423674583435,3418.1993389129643,0,0,0.0001539882968894,2,2.0331881461845955,11.035553089758132,3.484098613261509,1.252500649865623,2.347499045954345,8.425611596666258,0,0,0.0001539882968894,0,2.021050503982459,10.96967350298328,3.463299385976967,1.2450235234744715,2.333485043589085,8.375312730284207,0,0,0.0001539882968894,0,-18.90771025550498,16.230141826951012,0.0028002411172968,1.91582086079559,-5.159964846820274,4.652495471729097,0,0,0.0001539882968894,0,-5271.765814152546,6551.395945875076,0.0170451934603613,759.3831552992392,-1832.953203543081,1836.3411163397511,0,0,0.0001539882968894,0,133.21058204436457,4713.256411355893,1772.2344894214991,962.408791714921,876.6188158709134,4495.924568959503,0,0,0.0001539882968894,0,-0.6686516970036257,1.082856817138622,8.491843045545377e-07,0.0752692754789173,-0.2315101931290426,0.2311541470193442,0,0,0.0001539882968894,0,8.948622999000822,1.4327708802869197,-0.2581811894924849,0.697405368657616,0.0064978742366685,0.097441917277281,-0.1594149249696073,0.4813302622385913,0,0,0.0001539882968894,0,-1.0038473295623571,1.794759221978349,-0.0160856315694013,0.232727599336564,-0.4983416717996744,1.0649707857549673,0,0,0.0001539882968894,0,-1.6298928549527718,2.954690547355929,-0.0120286581277377,0.40953681818779,-0.8965803460800453,1.162146783473047,0,0,0.0003079765937788,0,16.623562726722664,18.78704197432336,17.031285327588495,0.3736919373920777,16.661767551723898,18.419468463196903,0,0,0.0030797659377887,0,54.34417570053762,108.8832975556195,74.65423117684173,10.19532217438026,58.320117568861306,102.38700520012368,0,0,0.0015398829688943,0,3.444806412375629,3.456369458421413,3.4501344336535738,0.0013952868805513,3.4475839267079653,3.453306657579778,0,0,0.0001539882968894,0,641,61.43135405323656,12.318593722457642,287.78065909035456,0.1188790567285623,992.0,True,61.42940495626024,641,1.271,0.025999873530155,3.664997231215235,large_sync_lag,1,3.1,Resting,,True
datasets_subject_01_to_10_scidata/GDN0010/GDN0010_1_Resting.mat,GDN0010,Resting,2018-02-20_09-44-26,v5,42.22,2000.0,2000.0,1000.0,100.0,200.0,1278250,1278250,639.12,True,,639.12,639.12,639.12,639.12,81808,79,158,791.6282357960055,1244.4652983514848,1973.708209328427,1719.9093878178464,-0.0545604498488447,1.1475652283243774,0.1069715456533273,-1376.936912536621,1645.5731391906738,34.75244728198798,816.9114096788006,-1261.8928050994873,1322.8357076644895,0,0,0.0001564639155094,2,-604.0501594543457,3163.6037826538086,2541.613086975742,579.0643301170493,418.9662837982177,3093.0149698257446,0,0,0.0001564639155094,2,1.196819960963918,5.299248952581166,2.1204632289576804,0.5875683253487048,1.3449476926854191,3.698688275121447,0,0,0.0001564639155094,0,1.1896752348381952,5.267613716143663,2.107804575588994,0.584060684348646,1.336918679775306,3.6766079993806566,0,0,0.0001564639155094,0,-11.846761282974285,12.404037109196452,0.0018223069628047,1.8814780441106416,-4.70654427787327,4.709844992713902,0,0,0.0001564639155094,0,-7935.167735929979,7605.368016037042,-0.0073607510800674,1053.398042910782,-2723.359502553229,2707.7241837689417,0,0,0.0001564639155094,0,14.282990467862088,3153.104801333711,901.4402505110254,435.9647054933831,155.63204844131772,2336.534889909981,0,0,0.0001564639155094,0,-0.1849065409902812,0.227571801363697,2.22272894600496e-06,0.0418150995869613,-0.1143871651808016,0.094187618521182,0,0,0.0001564639155094,0,4.077938481305468,0.6529218526993847,-0.3707592594589531,0.329093537492768,0.0090189920531548,0.0720897735202128,-0.1348834233289192,0.2395651218441689,0,0,0.0001564639155094,0,-0.394971688497872,1.8965363517442104,-0.0049434064140399,0.2631396380536671,-0.236107124101452,1.2473194225923818,0,0,0.0001564639155094,0,-1.4850261591034957,2.6892997594259174,-0.0151527217296965,0.552035473737302,-0.8692256454637058,1.8117598936720325,0,0,0.0003129278310189,0,24.10414163083813,26.51380374316036,24.469560554385552,0.213759568666179,24.179663381620298,25.37491968408144,0,0,0.003129302791338,2,71.38857350595913,114.22668221379762,85.8328264307844,8.186746666210759,74.12574746323058,108.64305373431657,0,0,0.001564651395669,0,3.4455274927470105,3.457775227496302,3.450875477278009,0.001454228411502,3.448328896187275,3.454563716308541,0,0,0.0001564639155094,0,492,46.34128265720251,3.133919930273973,85.05181194005048,0.2702133934781095,1308.5,True,46.34479465740233,492,0.124,0.0260494055180587,1.825077311498427,,0,2.99,Resting,,True
datasets_subject_11_to_20_scidata/GDN0011/GDN0011_1_Resting.mat,GDN0011,Resting,2018-02-20_11-49-35,v5,43.33,2000.0,2000.0,1000.0,100.0,200.0,1297850,1297850,648.92,True,,648.92,648.92,648.92,648.92,83062,81,161,739.8209445563002,708.0066359450961,2346.1377865956856,2182.8260761240986,-1.067769213584386,1.074816638969958,0.1232922017971107,-2153.141021728516,3475.9397506713867,1180.7940045355392,924.0276568203556,-1058.9427947998047,2254.3344497680664,0,0,0.0001541010132141,2,-1875.46968460083,3756.727695465088,2683.3840330564567,375.4069355421706,1616.698017120361,3237.3884439468384,0,0,0.0001541010132141,2,1.3047598723362444,8.960769721680755,2.4246401735098853,0.5508167329463233,1.82350399651366,3.941243215065609,0,0,0.0001541010132141,0,1.296970771007948,8.907276090537174,2.4101656572432937,0.547528490077114,1.8126181180447227,3.9177149449122366,0,0,0.0001541010132141,0,-11.76806488743614,14.511175292125811,-0.0005834191811599,1.9427546552767097,-4.756116713767023,4.707617138655857,0,0,0.0001541010132141,0,-5740.158921681606,5796.738089075428,0.0039118337628195,921.4378160948288,-2217.535746746442,2213.226911581395,0,0,0.0001541010132141,0,1.7133800844114575,4758.842446664798,860.9329593132563,503.5393901078631,148.16787936010755,2774.404513543891,0,0,0.0001541010132141,0,-0.3414370423678079,0.3254082927213475,-8.480067718869927e-06,0.0759511833408785,-0.1799041550320631,0.1598512293217912,0,0,0.0001541010132141,0,7.610305319529226,1.2184918118834158,-0.5320508049484611,0.5481225696930015,0.008983249157116,0.094718313948169,-0.1169746004736029,0.2953103707086396,0,0,0.0001541010132141,2,-0.6681620016635901,2.4253161883161862,0.0062981071690621,0.3022260814865277,-0.3402213507312639,1.556493149805179,0,0,0.0001541010132141,2,-1.986828809699673,2.5656958644916825,-0.0122990422459369,0.6685088899825066,-1.184929287813942,1.932724625727108,0,0,0.0003082020264283,0,28.32575906602653,30.292062811354025,28.750843986329656,0.1990287009658376,28.42175397009184,29.228722356573478,0,0,0.0030820440115884,0,67.46702650085358,125.86271383343887,90.40404095223384,8.730819274880181,75.23612598400096,114.3367292961275,0,0,0.0015410220057942,0,3.443922631196865,3.4565900092487607,3.4494719278085024,0.001599023361292,3.446665853163948,3.453386437991262,0,0,0.0001541010132141,2,660,62.63226773041816,11.50662863015613,177.90320017419262,0.0786686278604059,1001.0,True,62.60258696457871,660,0.124,0.0239826785379776,2.166536341887213,,0,3.18,Resting,,True
datasets_subject_11_to_20_scidata/GDN0012/GDN0012_1_Resting.mat,GDN0012,Resting,2018-02-20_14-43-51,v5,43.01,2000.0,2000.0,1000.0,100.0,200.0,1296900,1296900,648.45,True,,648.45,648.45,648.44,648.46,83002,81,161,502.9751496421867,781.4748986369264,2124.729473465946,1810.6261950780831,0.9966464306621208,1.1734777058023933,0.0928309257019875,-2099.5802879333496,2619.2612648010254,-839.2446454123383,832.6972664345137,-1602.7104568481443,2251.5760040283203,0,0,0.0001542138946719,2,-1604.032039642334,3111.6251945495605,375.0515792864181,1039.740599747653,-1334.4841241836548,1946.8522357940676,0,0,0.0001542138946719,2,1.342833803483262,10.698882996295252,2.5659327726302763,1.1070012036176204,1.4903168332013197,7.43780101858455,0,0,0.0001542138946719,0,1.3348174099811654,10.635013248669956,2.550614773670185,1.1003926737813332,1.481420001630093,7.39339914278979,0,0,0.0001542138946719,0,-12.589250624044553,12.0066062347355,0.0005897778757748,2.3247161201501534,-5.397549347959463,5.528780682890589,0,0,0.0001542138946719,0,-8468.005805296387,14200.972129709427,0.0258826066841848,1322.4179969138977,-3223.0730203803414,3219.493710297996,0,0,0.0001542138946719,0,258.2318992803462,3740.0886361780745,1190.0447041073132,598.5305794337156,367.3642202969343,3193.258574894667,0,0,0.0001542138946719,0,-0.2910693783545934,0.3402127714747087,-4.381115414762751e-06,0.0680526632090535,-0.1667286023972909,0.1426312925746952,0,0,0.0001542138946719,0,9.30019583868879,1.4890614768469654,-0.2790439085817334,0.5319548353347072,0.0109286445063603,0.1175988004519243,-0.187376615675906,0.3605318856305567,0,0,0.0001542138946719,2,-0.6810074012093799,2.6790275022855625,-0.0104797372715957,0.4150004487194338,-0.4345587334814994,2.2081646686159617,0,0,0.0001542138946719,2,-1.2446921563107962,2.217090738356829,-0.0126601643015564,0.5211439231070504,-0.8457272356161898,1.5346262945011195,0,0,0.0003084268380697,2,21.38595279026489,23.00777381510865,21.69986310502732,0.2124911539111277,21.423239178141003,22.38272286320135,0,0,0.0030843254580223,0,16.262570386218123,79.12470125033556,38.95483084224431,11.084578735090938,22.81220929418201,70.53811012113097,0,0,0.0015421151651605,2,3.443274875625047,3.457318587162724,3.449409660462976,0.0018112621311127,3.446275448112965,3.453846729904088,0,0,0.0001542138946719,2,676,62.68828667299882,3.504777727903558,48.03551789278936,0.0690878780845694,960.0,True,62.68779614370366,676,-0.4495,0.0276089204394804,1.3560245306149288,,0,3.19,Resting,,True
datasets_subject_11_to_20_scidata/GDN0013/GDN0013_1_Resting.mat,GDN0013,Resting,2018-02-21_11-48-59,v5,48.07,2000.0,2000.0,1000.0,100.0,200.0,1451250,1451250,725.62,True,,725.62,725.62,725.65,725.62,92880,90,180,599.1429136932355,1135.7607984970728,1369.1511789349618,961.4033436330816,-0.5923834458037955,1.424117346795391,0.168476136442897,-1214.94722366333,2630.797863006592,637.0842198472923,528.1258530593691,79.07674789428711,1870.7516241073608,0,0,0.0001378122308354,2,-1262.6171112060547,2828.9170265197754,371.3528922052244,482.2796497250472,-137.8097915649414,2091.227822303772,0,0,0.0001378122308354,2,-1.6242760614809992,10.259098123414446,-0.812119941737188,1.0614329111950809,-1.506985179582358,2.759892733620072,0,0,0.0001378122308354,0,-1.6145795256691275,10.197853785268816,-0.8072717818182336,1.0550964130594631,-1.49798884200877,2.743416840535696,0,0,0.0001378122308354,0,-33.06068827328515,26.429796793491136,-0.0008253982676968,3.059482491851297,-8.923777421631693,8.386106233485354,0,0,0.0001378122308354,0,-18413.52555634974,16090.34923112498,0.0094016275669001,1633.8654302819364,-4395.744788702273,4389.337505642662,0,0,0.0001378122308354,0,94.758042821308,2585.027240910375,585.5796344391891,410.617911127445,196.76342699474188,1800.8577882411723,0,0,0.0001378122308354,0,-0.4650289246496417,0.6758632321619019,-1.6592471842121272e-05,0.0729555721696538,-0.2060510539760077,0.2509146190788034,0,0,0.0001378122308354,0,11.812433310937942,1.891297742136733,-0.1900324336066511,0.184014481012051,0.0049203779109938,0.0446010839743771,-0.1056710361030002,0.1208180712601177,0,0,0.0001378122308354,2,-0.3430806731721283,0.8605799133060353,-0.0069140413490586,0.1197426142029973,-0.1762027031923282,0.6121824429692432,0,0,0.0001378122308354,2,-2.5820151943614142,2.2518443412635385,-0.0128571097587154,0.5839109921375472,-1.266793594061154,1.4181232137033002,0,0,0.0002756244616709,2,24.439294154651638,27.500200829981523,24.88191370017425,0.2768611404968095,24.502179029280708,25.71883011050428,0,0,0.0027561496589264,2,63.96977223595345,107.23489216411951,80.75770512329044,8.716510455576449,66.88645144651343,101.43256563413654,0,0,0.0013781223083548,2,3.4445880077951427,3.455734219510915,3.4495318956445096,0.001298378072638,3.447270206150254,3.452575727443842,0,0,0.0001378122308354,2,802,66.36368087758122,2.5136577814828,33.87272593843017,0.0489233756577954,908.5,True,66.3635756327101,802,0.465,0.0212700764953476,1.5291083128979814,,0,3.42,Resting,,True
datasets_subject_11_to_20_scidata/GDN0014/GDN0014_1_Resting.mat,GDN0014,Resting,2018-02-21_14-53-35,v5,39.98,2000.0,2000.0,1000.0,100.0,200.0,1207000,1207000,603.5,True,,603.5,603.5,603.52,603.5,77248,75,149,636.5273791965185,1139.0856110948962,1589.5675585644592,1419.594139044376,0.6469058469373188,1.1197338132393977,0.1123677620074834,-1395.5764770507812,2382.370948791504,1892.9342650379535,395.73799261987466,175.23718833923337,2287.621021270752,0,0,0.00016570008285,2,-947.0868110656738,2605.608463287353,780.0092882600419,578.0206156269404,-258.7766695022583,2083.6439418792725,0,0,0.00016570008285,2,-2.862745020154567,8.163659879942273,-0.8779463211819306,0.9779368561130308,-2.2117840254940853,5.216687316234447,0,0,0.00016570008285,0,-2.8456551237592,8.114924802045708,-0.872705193675268,0.9720988092613132,-2.1985802090247506,5.185544952826663,0,0,0.00016570008285,0,-17.70733998524369,16.871626857968295,0.0011530545311032,2.83098493154476,-6.941012960385918,6.823152230351526,0,0,0.00016570008285,0,-12263.546467262902,11308.560233672111,-0.0542476443793049,1776.892608007895,-4347.090104963094,4341.539788897586,0,0,0.00016570008285,0,1.9152180417910305,3288.693439746044,582.527838678648,389.0728827057196,75.1405401496145,2070.022268520255,0,0,0.00016570008285,0,-0.2260459997398831,0.2054417271813529,-2.4815761066020083e-05,0.0387314088174584,-0.0852648237538628,0.0767726372073611,0,0,0.00016570008285,0,10.960579925804907,1.7549068443831084,-0.3828155436925431,0.7260521580663463,0.0065810554942927,0.1659104218921739,-0.238130008004211,0.4362334217371816,0,0,0.00016570008285,2,-0.6005445896253547,2.120406382255733,-0.0090915973527394,0.3258708314383067,-0.4011741775520671,1.4892276237740572,0,0,0.00016570008285,2,-2.4599427698447074,3.9518921768524335,-0.0158283166503487,0.9020081166730262,-1.740550269110194,2.3115542779974394,0,0,0.0003314001657,2,37.13960747338109,40.31871307865084,37.71714237322461,0.319366997650299,37.24476339322884,39.029814466491786,0,0,0.0033138918345705,2,37.946593435039546,100.95870480103756,65.9636322688106,10.856997286150577,46.64258126251399,95.43312604620198,0,0,0.0016570008285004,2,3.4442301404636595,3.4555630220769253,3.4492510825545013,0.001299353886978,3.447046878808556,3.452311335423404,0,0,0.00016570008285,2,799,79.46914184081461,2.407508491169085,14.965109987518282,0.0530240704424775,756.25,True,79.46942136545883,799,0.9145,0.0174687221650476,1.246864240681464,weak_radar_ecg_coupling,1,2.98,Resting,,True
datasets_subject_11_to_20_scidata/GDN0015/GDN0015_1_Resting.mat,GDN0015,Resting,2018-02-21_17-55-00,v5,42.89,2000.0,2000.0,1000.0,100.0,200.0,1296900,1296900,648.45,True,,648.45,648.45,648.44,648.46,83002,81,161,544.0327425485418,640.4198177916862,1282.415918434946,1134.4631493677853,0.4363468729935156,1.130416549140104,0.0832447297320132,-612.4567985534668,1943.4013366699216,1271.5789365959624,520.2463301307026,-233.43276977539065,1884.8152208328247,0,0,0.0001542138946719,2,-726.8061637878418,1904.7107696533203,480.02551633249647,795.1281027609292,-624.2804765701294,1811.072397232056,0,0,0.0001542138946719,2,-2.89544766699058,2.3426494551813275,-0.7090712711643061,0.9552682327830458,-2.587678221823612,1.1553734584168365,0,0,0.0001542138946719,0,-2.878162543691542,2.3286644037017683,-0.7048382869216246,0.9495655121379613,-2.572230407783531,1.1484761579016702,0,0,0.0001542138946719,0,-19.005634459971503,19.954122251421467,0.0025216498734494,3.0316293497817584,-7.368021728438237,7.485599670104992,0,0,0.0001542138946719,0,-13028.807411963751,11631.652230201737,0.0082273641567571,1859.1885410303548,-4606.704378193373,4605.059439813604,0,0,0.0001542138946719,0,173.01968691683285,2019.580252475547,890.3887415827382,331.8024000476283,343.31232141596826,1725.9287494587657,0,0,0.0001542138946719,0,-0.2184704388071802,0.209989608324059,-1.3431286842246431e-05,0.0419915472183911,-0.1010000270418418,0.0921433528636588,0,0,0.0001542138946719,0,5.20682694739331,0.8336690493890908,-0.3425075700297447,0.5430213950242976,0.0046350702469214,0.0918084872945545,-0.2183971853053435,0.3140085512087149,0,0,0.0001542138946719,0,-0.8689749770819701,1.166316715273697,-0.0023192292572198,0.2040319445471299,-0.41110349137621,0.6105277306885236,0,0,0.0001542138946719,0,-1.4146577758383754,1.934475221206044,-0.0169390944849702,0.5370028423077022,-0.9913912593564704,1.4772919198659582,0,0,0.0003084268380697,2,27.398062939171293,29.03661146137074,27.935663288879116,0.2740920617137371,27.493437703556832,28.56603941894688,0,0,0.0030843254580223,0,92.80067964096982,120.34666407175403,103.60402251437569,4.3739674953926775,94.66249487632577,115.32783507428589,0,0,0.0015421151651605,2,3.4451828357726515,3.4562771912827315,3.449958593545856,0.0012846668784996,3.447819886688419,3.452977732564253,0,0,0.0001542138946719,0,697,64.88962771571232,4.974384358183251,49.78979193865912,0.0970777215496349,922.25,True,64.8912560659332,697,1.3175,0.0253457386937318,1.1607761230124574,large_sync_lag;weak_radar_ecg_coupling,2,3.18,Resting,,True
datasets_subject_11_to_20_scidata/GDN0016/GDN0016_1_Resting.mat,GDN0016,Resting,2018-02-23_10-01-07,v5,40.45,2000.0,2000.0,1000.0,100.0,200.0,1221100,1221100,610.55,True,,610.55,610.55,610.56,610.56,78150,76,151,-590.1771069798326,-117.17759240790816,3180.8988192689635,3066.3323200898967,-0.4625407970989226,1.037362714546122,0.279422703585207,-3940.5202865600586,3833.963871002197,-190.4969699657497,1933.363364894598,-3840.853114128113,2923.9521074295044,0,0,0.0001637867496519,2,-4000.0,3117.0787811279297,-1856.1883851240252,1424.1844686050565,-4000.0,2416.839280128479,0,0,1.5725165834084025,1288,1.6114220413534328,13.667168055334145,5.5190725408325605,1.0954328384687717,3.7983054873648014,8.731070397495447,0,0,0.0001637867496519,2,1.601802240937378,13.58557836277007,5.486125010662288,1.0888933689785747,3.7756305209252425,8.678948015843098,0,0,0.0001637867496519,2,-30.261537260374094,98.15927156430348,0.0046528294250767,2.2350217765585536,-5.030877009313064,5.410550630264072,0,0,0.0001637867496519,0,-39699.45975903218,31615.688318827077,0.0039210242625703,745.9628533284795,-1803.0099784595548,1801.6829938513272,0,0,0.0001637867496519,0,1.5732470208139235,5003.7130490997815,2158.933665736517,1051.2852744530935,147.4292088913057,4511.892808968009,0,0,0.0001637867496519,2,-0.8367049774331968,1.0076132792923276,-5.273662100748134e-05,0.0691827059451959,-0.1982012476294878,0.1390874433838521,0,0,0.0001637867496519,0,11.983776121832692,1.918731570785444,-0.217074098337088,0.2115071463987408,0.0014766525395006,0.0446243660104989,-0.0951987182764788,0.1255605616701254,0,0,0.0001637867496519,0,-0.5559820910891002,1.7783665544484517,-0.0090140818675098,0.222099521478893,-0.2806199353296371,1.1169863798451478,0,0,0.0001637867496519,0,-2.106750106535153,2.805784248663127,-0.0150262816820889,0.6271391172603106,-1.083799131071066,1.8602991395180897,0,0,0.0003275724262634,0,25.051898023364814,27.640577044194277,25.524934169013655,0.2395494801747431,25.155717199900597,26.229400450423416,0,0,0.003275681341719,2,66.35787882971563,129.8723128422285,91.31969335821124,11.865097827877944,72.79184758013476,121.6931726968106,0,0,0.0016378406708595,2,3.445517790810406,3.4578506146708547,3.450800052907664,0.0013981939770261,3.448328441658132,3.45418758870429,0,0,0.0001637867496519,0,504,49.97284417858811,4.273453281509318,120.3778538155712,0.0571616224401133,1208.5,True,49.95351370991158,505,0.186,0.0302506942488528,3.3802644319628827,iq_clipping,1,3.12,Resting,,True
datasets_subject_11_to_20_scidata/GDN0017/GDN0017_1_Resting.mat,GDN0017,Resting,2018-02-23_12-08-51,v5,39.89,2000.0,2000.0,1000.0,100.0,200.0,1206500,1206500,603.25,True,,603.25,603.25,603.24,603.26,77216,75,149,1285.6492310220167,938.5064046750706,2664.150397145078,1743.1845565230497,0.7894926197208529,1.5283237722453118,0.6382139146266127,-1928.6212921142576,3214.109420776367,-170.05222704318663,528.2627359063648,-1667.833013534546,1669.616985321046,0,0,0.0001657687525901,2,-1974.6661186218264,3279.4337272644043,1260.891429740267,620.0909375578083,-1029.8438358306885,2540.668973922729,0,0,0.0001657687525901,2,1.188732573882651,7.630381958027195,2.0547477853333125,0.5752285329268194,1.5216655843666869,5.038490465522853,0,0,0.0001657687525901,0,1.1816361275046372,7.584830420533741,2.042481437292277,0.5717945575073644,1.5125816083219676,5.008411894277907,0,0,0.0001657687525901,0,-36.68394570621626,34.99552312834123,0.0005023261050007,3.0090916429157386,-8.232151994151115,8.334448035080971,0,0,0.0001657687525901,0,-22458.78573208585,19110.5440718552,0.0079827430073566,1955.167446891612,-5445.37181500006,5417.245532367492,0,0,0.0001657687525901,0,0.6344975464494389,3463.931776218326,638.1626048485365,506.2832989162593,59.278741733156224,2701.519565546612,0,0,0.0001657687525901,0,-0.3107720389662737,0.2791469329109499,-3.489186021370595e-06,0.0297307814257464,-0.0756680334017279,0.0718743963479321,0,0,0.0001657687525901,0,6.403194293029104,1.0252203411514675,-0.324320466635427,0.7127979641522647,0.001322831472582,0.1056223546790079,-0.1558698893926701,0.4649689355098189,0,0,0.0001657687525901,2,-0.5295411978804656,1.7802834120091229,-0.0128739658334452,0.2504620519234508,-0.315295543218318,1.1482640377118056,0,0,0.0001657687525901,2,-1.6352841179833706,2.415014523341201,-0.0148979026952681,0.5206892069231741,-0.8433943647578217,1.640726365057947,0,0,0.0003315364060127,2,36.41970796801937,39.21804855588774,37.000879574740864,0.3700715049480214,36.51152985513136,38.32359512489135,0,0,0.0033154300112724,0,78.73809248908992,129.5589742784968,96.90584827555509,11.827703928417474,81.10493542187976,125.54600861506718,0,0,0.0016576600470775,2,3.444884912007425,3.456774644604066,3.449898877681264,0.0013290254162349,3.4475844820485704,3.45301596195855,0,0,0.0001657687525901,2,589,58.73366730732534,2.7185384204519174,34.50662850181369,0.0997099873269683,1025.75,True,58.73348392530927,589,-1.9995,0.0184896431300481,1.2429325316567617,large_sync_lag;weak_radar_ecg_coupling,2,3.02,Resting,,True
datasets_subject_11_to_20_scidata/GDN0018/GDN0018_1_Resting.mat,GDN0018,Resting,2018-03-15_11-31-19,v5,42.39,2000.0,2000.0,1000.0,100.0,200.0,1271950,1271950,635.98,True,,635.98,635.98,635.96,635.98,81405,79,157,-1160.2920743611935,-302.71001005667074,2336.515245537124,1106.9886044955,-0.9408840917691036,2.1106949394496883,0.3452956400618081,-2814.7034645080566,1956.964492797852,-709.4736885391853,1018.3607861188844,-2706.8622159957886,1078.0652379989624,0,0,0.0001572388851763,2,-2599.752426147461,2567.190170288086,-541.9335252387029,830.8335618128609,-2393.245267868042,1631.3485193252566,0,0,0.0001572388851763,2,-3.879389140110392,8.255839355720083,0.0829622450930572,1.5335026932937117,-3.3821815095479817,1.6861410810192472,0,0,0.0001572388851763,0,-3.856230123846268,8.206553988615179,0.0824669805258724,1.524348052567451,-3.3619907027588454,1.6760752259816103,0,0,0.0001572388851763,0,-63.86302372710429,97.4934854664436,0.0048080712788173,2.8146689034060066,-7.208823849136997,7.352900289254591,0,0,0.0001572388851763,0,-47336.7506225165,49441.12668520841,0.0141783989622492,1643.6115076107253,-4358.862263377533,4350.408394077151,0,0,0.0001572388851763,0,0.4590160577805918,3124.429893174909,1123.7213706682785,681.61087083667,165.82408975831544,2684.841824600047,0,0,0.0001572388851763,0,-0.5772791865183013,0.5987524535766745,-3.2760000530139495e-05,0.0665617427640964,-0.1909705846399086,0.1744539720327178,0,0,0.0001572388851763,0,12.062784112461449,1.931381600661046,-0.3452170825988373,0.4583296394195947,0.0056355162502317,0.1091229535607202,-0.1795275197258942,0.2904240998003282,0,0,0.0001572388851763,0,-0.5729883021466725,1.520529636521863,-0.0115734978451032,0.2075647951547279,-0.3277054287067682,0.7791415026162831,0,0,0.0001572388851763,0,-2.0290157529532538,3.1272222497994644,-0.0141198051352452,0.8328631336729926,-1.4056748730470825,2.240591896583948,0,0,0.000314476781393,2,30.474247130860547,33.0345742216494,31.34289186342366,0.5110520667822328,30.552638722484133,32.47759521501842,0,0,0.0031448518774765,0,4.19320433614924,195.74165834165845,69.16728409635343,41.12952611450175,24.99129435886824,175.088035625501,0,0,0.0015723764898267,2,3.431755104593076,3.457505059337023,3.4428742636440086,0.0053986674624489,3.434834726660005,3.454095413474315,0,0,0.0001572388851763,0,687,65.0081502466988,4.43036178543402,60.345708481744936,0.0297181726625831,930.5,True,65.00887180748987,686,-1.1005,0.0179211846734495,0.9195175869004836,strong_iq_imbalance;large_sync_lag;weak_radar_ecg_coupling,3,3.0,Resting,,True
datasets_subject_11_to_20_scidata/GDN0019/GDN0019_1_Resting.mat,GDN0019,Resting,2018-03-21_09-56-43,v5,40.2,2000.0,2000.0,1000.0,100.0,200.0,1206200,1206200,603.1,True,,603.1,603.1,603.12,603.1,77197,75,149,-605.4269304830499,878.6905556862267,2125.162438105634,1681.4495324247464,-0.7008698129305841,1.2638871385220989,0.0580252875345575,-2658.994674682617,1484.7235679626465,558.3675219933206,885.7575044621648,-2187.1667337417603,1420.342926979065,0,0,0.0001658099817609,2,-1442.004680633545,2960.898876190185,1646.7628365356795,779.5744175578462,274.83558177948,2823.514542579651,0,0,0.0001658099817609,2,-18.70612457124309,-0.6182230318148049,-17.391920728453762,1.2099697653993309,-18.32940219405053,-15.054862517589276,0,0,0.0001658099817609,0,-18.59445352522582,-0.6145323896204907,-17.288095161987595,1.2027465381169071,-18.219980089643748,-14.964988624224432,0,0,0.0001658099817609,0,-15.48492699297094,9.518294918796528,-0.0244318363381519,1.7658746471829594,-4.408409850532885,3.9104048337579393,0,0,0.0001658099817609,0,-5185.091382015031,5612.618400477804,-0.0034576397127221,825.1347937775805,-1989.604330789649,1988.868954672372,0,0,0.0001658099817609,0,94.51008406494212,3382.133034613451,1027.1969766836266,580.6625528770684,267.8086616388083,2897.217592631424,0,0,0.0001658099817609,0,-0.2196010474144503,0.2032484554990255,2.0624796007651437e-05,0.0460890309697099,-0.1234470241274351,0.1067674069640601,0,0,0.0001658099817609,0,17.97992113560533,2.878778940159515,-0.9921917684103682,0.8924925377655604,0.0063770246482579,0.3617240341147086,-0.5180907377344182,0.6655325202467712,0,0,0.0001658099817609,2,-1.1600121103318577,2.2237904549641985,-0.0003107773674309,0.439326264851087,-0.6348418424322219,1.098789688119784,0,0,0.0001658099817609,2,-1.96612551098778,3.435368152468705,-0.0089147423388113,0.7318972666537295,-1.0805481602603917,2.3515988502213,0,0,0.0003316199635218,0,31.13605075811201,34.68492276470562,31.55364037976241,0.2558443219784004,31.1999892729781,32.19853231685553,0,0,0.0033160896670645,2,68.83368295436958,121.41475495694527,87.27360807327779,9.66789137053331,73.106960453107,113.90639937876864,0,0,0.001658099817609,2,3.431816586310559,3.4577328238179392,3.4433230510983743,0.0053058573419919,3.4348999959586286,3.454299651244005,0,0,0.0001658099817609,2,483,48.33197774601125,2.863295444432042,75.52398556639695,0.0111921830477392,1247.0,True,48.31023612908442,484,1.395,0.0329035045495564,2.337490014503469,large_sync_lag,1,2.95,Resting,,True
datasets_subject_11_to_20_scidata/GDN0020/GDN0020_1_Resting.mat,GDN0020,Resting,2018-03-21_12-27-21,v5,42.63,2000.0,2000.0,1000.0,100.0,200.0,1280300,1280300,640.15,True,,640.15,640.15,640.16,640.16,81939,80,159,-856.4059413710429,217.11457339706817,1883.046701783349,1573.8727997889007,1.5114296710623076,1.1964414799187817,0.0722545333105919,-2070.6043243408203,900.4254341125488,165.02918534434178,667.3244802725627,-1457.159538269043,816.6580677032471,0,0,0.0001562133874873,2,-544.5432662963867,2329.559326171875,1096.3837916182697,808.3254313697635,-365.4265737533569,2196.199898719788,0,0,0.0001562133874873,2,-1.944975969369487,0.9490265541241968,-0.8656144118756944,0.6660283679376399,-1.835228941540892,0.4637411315605352,0,0,0.0001562133874873,0,-1.9333649325590168,0.943361094793292,-0.860446902889339,0.662052339432029,-1.8242730679818064,0.4609727090021712,0,0,0.0001562133874873,0,-7.577107706988698,7.68463405053194,-0.0002020954081035,1.5994787061260638,-3.721265236111598,3.723971630501477,0,0,0.0001562133874873,0,-4289.103443373038,6069.527565556815,0.0081659453018699,834.0120230269689,-1969.4157104038995,1971.5685010509255,0,0,0.0001562133874873,0,164.84914983493775,2271.328380644499,968.26518061862,401.4654467967965,277.0596749752813,1831.4336700572956,0,0,0.0001562133874873,0,-0.1803740006117813,0.181174160136468,-1.7603816895486433e-05,0.0329780266962673,-0.0804876321678206,0.0758384553314499,0,0,0.0001562133874873,0,2.876726027352309,0.4605948069344387,-0.4507453139557605,0.7719717212896678,0.0087508340248777,0.194543614873034,-0.3042604028070311,0.5020446657645162,0,0,0.0001562133874873,0,-0.5779765722537453,1.6650427273626445,-0.0090879418073026,0.2751047271097457,-0.444235478984364,0.815055976657691,0,0,0.0001562133874873,0,-1.6504329785869731,2.7684852686758896,-0.0129800851964783,0.7058347593849399,-1.0672318519424824,2.1593915912217665,0,0,0.0003124257988727,0,31.944892501860792,33.082924597447054,32.30689432828677,0.1912838569186463,32.00444541710764,32.77588001666074,0,0,0.0031242189452636,2,71.91383876480288,133.43048510015836,93.18142329469391,11.049394914674057,75.9656137842319,124.07850248852286,0,0,0.0015621094726318,0,3.4321658066961183,3.456944226410073,3.4428966317179364,0.0050026311644652,3.435177522692203,3.45338997501122,0,0,0.0001562133874873,0,653,61.89071683837973,6.730264107306913,93.6428445470845,0.0168710590260556,994.5,True,61.89019649378507,653,-1.054,0.0223093905183907,1.934381946813672,large_sync_lag,1,3.22,Resting,,True
datasets_subject_21_to_30_scidata/GDN0021/GDN0021_1_Resting.mat,GDN0021,Resting,2018-03-26_12-08-18,v5,41.12,2000.0,2000.0,1000.0,100.0,200.0,1227850,1227850,613.92,True,,613.92,613.92,613.92,613.92,78582,76,152,-312.7076743128582,1173.7784224685222,2664.3731163279163,1865.632554781816,-0.3099090543124108,1.4281339106668365,0.1198797243039959,-3078.5140991210938,2161.684513092041,-1913.9595126822217,947.8522109354136,-3025.4767274856567,981.7511701583868,0,0,0.000162886346052,2,-842.1740531921387,3409.3661308288574,2520.867867384156,650.3878980896976,529.1599273681641,3301.156530380249,0,0,0.000162886346052,2,-5.57158357005944,2.694210297449437,-3.647412284706036,0.648138766271503,-4.939660685750689,-2.252049095818118,0,0,0.000162886346052,0,-5.538322561726498,2.6781265126461866,-3.625638114244481,0.6442695343673622,-4.910172104422831,-2.238604906603273,0,0,0.000162886346052,0,-13.40696843529247,12.583098451257342,-0.0033906862019064,2.1149618831484056,-5.266662961962427,5.057328731634296,0,0,0.000162886346052,0,-7857.676916437049,8257.262464785628,-0.0086559907030518,1071.6335789732298,-2721.908743427544,2741.7103506513818,0,0,0.000162886346052,0,61.710196554717406,4554.422672362126,993.2980453182436,578.6080062733686,212.44895828329612,2956.7503608144893,0,0,0.000162886346052,0,-0.350122862554018,0.2285618275083721,2.7453080562876587e-05,0.0603881459590139,-0.1345388009661351,0.1135769581548929,0,0,0.000162886346052,0,8.216449074372685,1.315541952592713,-1.2039308864672813,0.83891739507687,0.0050936457729756,0.1923270894399615,-0.3141067858753946,0.4929673167252061,0,0,0.000162886346052,0,-0.6803448656104881,1.1389729704865728,-0.0059466472060259,0.2267914640533807,-0.4279249442119901,0.6532995300514782,0,0,0.000162886346052,0,-1.4063240976508802,2.1690041223511645,-0.0123788337145065,0.5842586720605243,-0.8898263100959247,1.6346969813391556,0,0,0.000325772692104,0,29.402211407663188,30.608359498386985,29.66341455228718,0.1105880010745307,29.460848639613303,29.92504001153941,0,0,0.0032577534532186,0,80.70205723325924,142.3001258156169,102.86084366374313,12.575842438637196,87.13012408946216,137.98447350712837,0,0,0.0016288767266093,2,3.4323237172690684,3.45651619346708,3.4422081864566607,0.0049703120561644,3.435191689110364,3.453207648755785,0,0,0.000162886346052,0,679,66.6721265984878,5.723499822112308,44.3667850134088,0.0465855329116202,902.5,True,66.4096475834626,677,0.093,0.0188226408153612,2.33062792482357,,0,3.14,Resting,,True
datasets_subject_21_to_30_scidata/GDN0022/GDN0022_1_Resting.mat,GDN0022,Resting,2018-03-27_11-23-47,v5,43.81,2000.0,2000.0,1000.0,100.0,200.0,1319500,1319500,659.75,True,,659.75,659.75,659.76,659.76,84448,82,163,46.62480109463832,771.9903969183708,1631.0391910523936,1354.7423192428778,-1.1421232383414293,1.2039479153230623,0.1338462803600818,-1930.4313659667969,1795.5737113952637,1006.3912218067852,438.19201467175054,-220.18008708953855,1678.6475610733032,0,0,0.0001515725653656,2,-999.5908737182616,3020.042896270752,488.9225154893333,1003.278236894928,-874.4664335250854,2379.9710416793823,0,0,0.0001515725653656,2,-1.0079738249219163,3.96076352314129,0.9622366205891718,0.8312224944424377,-0.6397941142757596,2.5514223315783764,0,0,0.0001515725653656,0,-1.001956464620569,3.93711872146301,0.956492300351804,0.8262602968972459,-0.635974697928736,2.536190956446984,0,0,0.0001515725653656,0,-13.961125206731566,11.944683482193511,-0.0038154601514604,1.7956225490868452,-4.106576269626908,4.363071506878665,0,0,0.0001515725653656,0,-5491.427303241406,5325.091562296962,-0.0043806086187303,941.825812170156,-2228.9878122180176,2227.3049210307013,0,0,0.0001515725653656,0,38.2241354402041,3313.0461887929146,1009.7484514875844,423.06917527457466,260.33732179906065,2029.517297719216,0,0,0.0001515725653656,0,-0.6773713171864587,0.5386879215659433,1.2487835997499778e-05,0.0547511363790756,-0.1343533710262038,0.1269913928905984,0,0,0.0001515725653656,0,4.93907518608358,0.7907991098695745,-1.1337202737579954,5.6105606021675705,0.0108827593266591,0.1816419777486793,-0.2883513715763613,0.7654413022536226,0,0,0.0001515725653656,0,-1.1795228843499312,6.207067835074652,-9.98335034959068e-05,0.182690491214375,-0.3673946430210382,0.4735347380172959,0,0,0.0001515725653656,0,-1.9670341338437405,2.7981159473869552,-0.0114367965535706,0.4387986990264582,-0.7330753657964791,1.4175641621883828,0,0,0.0003031442117644,0,38.24538331754697,39.52791870060931,38.50778071152737,0.1296575052358397,38.29930149502893,38.89062584716964,0,0,0.0030314053595246,2,75.715991162123,132.23656378578625,100.59536002370076,13.77653762194486,80.13664080666511,128.07560729760988,0,0,0.0015157026797623,2,3.432554065357853,3.454543591325801,3.442073502994681,0.0042342840875823,3.4355278151552757,3.451062157056544,0,0,0.0001515725653656,0,621,56.76113581038136,6.091307591717009,60.87104672636912,0.2097765894479647,1066.5,True,56.64222307389639,621,0.0,0.0237748699414493,2.036812120798364,,0,3.1,Resting,,True
datasets_subject_21_to_30_scidata/GDN0023/GDN0023_1_Resting.mat,GDN0023,Resting,2018-03-28_11-40-51,v5,45.05,2000.0,2000.0,1000.0,100.0,200.0,1357700,1357700,678.85,True,,678.85,678.85,678.84,678.86,86893,84,168,84.4150562455095,1006.709305027848,1341.3661231201515,940.0425825239384,-0.7736071370634203,1.4269205970634775,0.2169189624379163,-1459.7349166870115,828.2294273376465,-652.5153089674195,420.8011576331455,-1347.5189399719238,504.347496032715,0,0,0.0001473079472637,2,-132.0338249206543,2349.581718444824,1496.438449979522,606.5787654670562,99.74858283996582,2267.266798019409,0,0,0.0001473079472637,2,-4.851759979906836,-0.4747884193036955,-2.876678747113756,0.8312446178155314,-4.480167923373314,-1.2145929172550545,0,0,0.0001473079472637,0,-4.822796144564168,-0.4719540471055097,-2.859505669733545,0.8262822881991454,-4.453422402865809,-1.207342090872579,0,0,0.0001473079472637,0,-13.565836138013225,11.840413817409626,-0.0030895973784799,2.053527125237092,-5.114420220926757,4.994847702582284,0,0,0.0001473079472637,0,-7071.686403322965,7122.722058064508,0.0033258936813244,1082.8219467242227,-2668.172831235994,2678.7623378623,0,0,0.0001473079472637,0,14.608710131568165,1710.7963796697295,679.5739921369628,288.4278110584423,127.45050751710896,1470.3584838610614,0,0,0.0001473079472637,0,-0.3478548244022141,0.1985713779785538,7.569299853768284e-06,0.0714174550592557,-0.1621061042884411,0.1093113551642943,0,0,0.0001473079472637,0,4.350842097458658,0.6966166596426372,-0.3015578022551848,0.4626869938034225,0.0073323140703829,0.0960647561853761,-0.1586889070172584,0.2967999046449343,0,0,0.0001473079472637,0,-1.1706468445022185,0.9812070718203564,0.0059055692291626,0.1763551666589763,-0.3368140316914608,0.5424885471886809,0,0,0.0001473079472637,0,-1.9140996367043417,3.5123598325146,-0.0143782373380318,0.9090430308620824,-1.1732431341884553,2.8675649698960486,0,0,0.0002946150265448,0,35.41703766942788,36.98790466170271,36.08445338953748,0.2632697292077224,35.57216748622452,36.66510507666305,0,0,0.002946202345177,2,65.79650446841454,114.96894341800672,81.27123502122187,9.760967429134,68.77438137738119,109.31756114215524,0,0,0.0014730577733258,2,3.434817128421084,3.4565756160375773,3.443941810154201,0.0040826302399344,3.437868357968472,3.452966304492396,0,0,0.0001473079472637,0,635,56.54879271824117,5.49431391033355,86.49079707045772,0.1036312172285609,1072.75,True,56.55143884268861,635,1.364,0.0386976517122131,3.0109374501369355,large_sync_lag,1,3.38,Resting,,True
datasets_subject_21_to_30_scidata/GDN0024/GDN0024_1_Resting.mat,GDN0024,Resting,2018-03-28_15-08-25,v5,40.55,2000.0,2000.0,1000.0,100.0,200.0,1220950,1220950,610.48,True,,610.48,610.48,610.48,610.48,78141,76,151,111.27240896013586,1244.2842882771122,1297.654637228831,1095.105972341626,-0.9188759552142228,1.1849580497256371,0.1104324975745893,-1502.206325531006,1943.7217712402344,929.7622093095392,357.45851633272565,-435.59640407562256,1396.9736099243164,0,0,0.0001638068716982,2,-755.4011344909668,2741.9538497924805,1012.397637839614,796.4044312247763,35.57395935058594,2517.9856061935425,0,0,0.0001638068716982,2,-0.5008355046629746,13.592534966642049,0.8571622465550317,1.0760259658122264,-0.2097243633315302,3.0948264908808056,0,0,0.0001638068716982,0,-0.4978456376557656,13.511390815593,0.8520451949543786,1.0696023506648795,-0.2084723595324888,3.0763511241546637,0,0,0.0001638068716982,0,-26.368147464506933,32.88981158254353,-0.0036791659535907,2.6132614205337914,-6.434695667447961,6.076118585060663,0,0,0.0001638068716982,0,-20208.214721560624,18135.21238507866,-0.0306831259383078,1278.853273859067,-3038.654429625272,3029.54302290452,0,0,0.0001638068716982,0,3.1237406996046357,2471.071300257124,793.4421527310024,363.98648222543306,193.8880826063881,1962.3855574466063,0,0,0.0001638068716982,0,-0.3758531485896783,0.9073883989039336,1.5073408794935158e-05,0.0764116445506008,-0.181926092758887,0.172646557210566,0,0,0.0001638068716982,0,14.009236453248766,2.243029575333549,-0.4357142368034286,0.4525739628829749,0.0076188662465982,0.0726541633388219,-0.1447419252657552,0.2042803070371765,0,0,0.0001638068716982,2,-0.5575316625895366,2.0784136024598947,-0.0162244212662248,0.2727586448751695,-0.3225526651621659,1.49878349345987,0,0,0.0001638068716982,2,-1.7970955505348565,3.5944599477081587,-0.0116906458811759,0.8552336100617759,-1.2998739511916098,2.57999034813008,0,0,0.0003276126700924,2,29.437281262813386,31.34261648941324,29.88907219420322,0.2943161107648812,29.519572391052428,30.93060252690403,0,0,0.0032761106014939,2,66.36586285572885,116.36957977463078,84.53849543166608,9.6666961230664,69.53693432028504,111.67169113607991,0,0,0.0016380553007469,2,3.435097182254958,3.454035408857021,3.4420375679353747,0.0027268306357519,3.4378877357919277,3.448422015552937,0,0,0.0001638068716982,2,689,67.8692172266769,3.4645911994878302,47.24416278261864,0.0247348578851368,889.0,True,67.95853581942575,690,0.186,0.0202723538254721,2.9077518853570203,,0,3.12,Resting,,True
datasets_subject_21_to_30_scidata/GDN0025/GDN0025_1_Resting.mat,GDN0025_no02,Resting,2018-07-03_12-27-58,v5,41.25,2000.0,2000.0,1000.0,100.0,200.0,1233850,1233850,616.92,True,,616.92,616.92,616.92,616.92,78966,77,153,-1074.2200720998965,795.6463130178333,2178.033551300712,1149.0536593656332,-1.1417170693788872,1.8955020364350568,0.0657350192327242,-2977.833747863769,1810.4257583618164,-2118.527912621889,573.4944938546641,-2548.3210134506226,245.7779455184937,0,0,0.0001620942578109,2,-1719.4366455078125,3338.7527465820312,1243.7919142671644,1011.7344991523668,-1044.143500328064,2911.625938415528,0,0,0.0001620942578109,2,-3.542149705037499,9.5673725296757,-1.8689038855470608,1.2153202038738242,-3.166026820939316,3.0556512121161377,0,0,0.0001620942578109,0,-3.5210039267548403,9.510257626267634,-1.8577469807050164,1.20806503576588,-3.147126405438152,3.0374097123430897,0,0,0.0001620942578109,0,-179.34087986567525,162.43359228734903,0.002665004729739,2.934306540173929,-6.708234434473022,6.384230994866392,0,0,0.0001620942578109,0,-88931.21757234877,100861.08250592154,-0.0163190055661617,1487.6013287602846,-3316.6745372307687,3320.390563334481,0,0,0.0001620942578109,0,6.464864437397784,4097.378460316605,989.263108860931,611.4418473604118,236.90859352549649,3002.36272850207,0,0,0.0001620942578109,0,-1.1462840165839725,1.6506960059872815,-1.0370566809756388e-05,0.1236195685954579,-0.2546464407574048,0.272284911315458,0,0,0.0001620942578109,0,13.031261553022476,2.086445265227716,-0.2953040495544856,0.591938335940656,0.0076268805948612,0.104966880192903,-0.1445499798899761,0.3782755984661635,0,0,0.0001620942578109,0,-0.518643313515648,1.4522030153818648,-0.0092737656763277,0.2171509391196812,-0.2803862487390837,1.028630544436718,0,0,0.0001620942578109,0,-1.7335602265744467,3.492663114483774,0.007006787508628,0.7450925422506273,-0.9996028798077378,2.398366215562483,0,0,0.0003241885156218,2,38.002170720859965,40.141852609525024,38.39970892496644,0.1932783589389861,38.13492464007534,39.08656138884941,0,0,0.0032419114309797,0,64.80644968765372,120.13108853636544,83.63203605878869,9.908851819459558,68.81856052802354,111.4832323333809,0,0,0.0016209557154898,0,3.434018027727896,3.4598087477451203,3.444944793385952,0.0053645897424052,3.4370120744438197,3.4564238544198185,0,0,0.0001620942578109,0,697,68.03257953221521,4.084830403678125,31.320368254953504,0.1298376057361962,887.0,True,68.03326146178881,697,-0.4185,0.0320889748376981,2.6718981721906325,,0,3.07,Resting,,True
datasets_subject_21_to_30_scidata/GDN0026/GDN0026_1_Resting.mat,GDN0026,Resting,2018-05-17_12-33-15,v5,54.48,2000.0,2000.0,1000.0,100.0,200.0,1642050,1642050,821.02,True,,821.02,821.02,821.05,821.02,105091,102,204,709.1928732851911,-1356.418211081069,3868.259835108464,1464.1831040289444,-0.839776261868667,2.641923557555268,0.2549217265916864,-2893.9480781555176,2330.6779861450195,-813.8612990241253,614.5572616158133,-2118.2949590682983,173.7227439880371,0,0,0.0001217989707986,2,-2290.7257080078125,3259.549617767334,1405.5689404281636,285.83543927325485,786.9867706298828,2055.397791862488,0,0,0.0001217989707986,2,2.1025353760400933,16.538672667133692,8.894918215415146,0.5128339629692998,8.4324726385769,9.86642260314576,0,0,0.0001217989707986,0,2.089983747623609,16.439940785527643,8.841817701860323,0.5097724680637221,8.382132813431639,9.807522443021972,0,0,0.0001217989707986,0,-104.13775410236984,56.655827187027626,0.0080070059816107,1.5378679966491,-3.649334149140286,3.718374631613201,0,0,0.0001217989707986,0,-14782.395529563888,9776.644827062612,0.0070372864086996,806.9268347011474,-2091.0895937030914,2084.533669966359,0,0,0.0001217989707986,0,0.0361825571456459,4104.515619765446,596.764182136035,321.333218122202,63.178956427359296,1450.075892307632,0,0,0.0001217989707986,0,-0.8543041953563217,1.3345743388376456,6.049859726541728e-06,0.0412604263437891,-0.0637075241586316,0.057887592050225,0,0,0.0001217989707986,0,14.349957037904034,2.29758260903079,-0.7055494383023405,1.2509521405908912,0.00824450592475,0.153263140868114,-0.2593664951805666,0.3615861061687329,0,0,0.0001217989707986,0,-0.3243242432130685,1.2626321885373424,-0.0124341905269905,0.149229572252857,-0.1698535904301947,0.7974459280837013,0,0,0.0001217989707986,0,-2.276893800683247,2.7903577154016737,0.0036524643152111,0.6318204890220285,-0.8546584736559081,1.9268492715117784,0,0,0.0002435979415973,0,30.172639524546224,32.978627528845706,30.57116436793598,0.1936350738240608,30.23139635785362,30.982924595157478,0,0,0.002435905243286,2,60.976405041287215,128.36421653814236,80.84071631198633,8.857037960830993,65.82228096593072,101.39988030490603,0,0,0.0012179897079869,0,3.4320843733563,3.4564970701527447,3.442827394402075,0.0047989656115956,3.43551049163782,3.4529050318701517,0,0,0.0001217989707986,0,746,54.87482492639779,4.500182226327346,81.9551698527396,0.0183916557910269,1108.0,True,54.87609183475225,746,0.062,0.0338259524145135,1.5295118908377894,strong_iq_imbalance,1,3.86,Resting,,True
datasets_subject_21_to_30_scidata/GDN0027/GDN0027_1_Resting.mat,GDN0027,Resting,2018-05-22_11-42-54,v5,41.88,2000.0,2000.0,1000.0,100.0,200.0,1255750,1255750,627.88,True,,627.88,627.88,627.88,627.88,80368,78,155,-582.294516809176,498.1240688490827,2813.537964921426,2063.168137867224,-1.101887713508788,1.3636978553914116,0.0318979569604866,-2959.8560333251958,1908.0491065979004,-1899.6784687015656,1045.8716964123698,-2886.9874715805054,1397.38398551941,0,0,0.0001592673700975,2,-2433.660984039306,3269.634246826172,924.831114772969,1805.089981083924,-2252.84508228302,3219.177966117859,0,0,0.0001592673700975,2,-3.9796048643724258,1.8167242433509343,-2.0663024357038124,1.0296316227296398,-3.687789386192861,0.5279481222075412,0,0,0.0001592673700975,0,-3.9558475844373255,1.8058788383710165,-2.053967109190602,1.0234849706059048,-3.665774174186809,0.5247963994214969,0,0,0.0001592673700975,0,-8.7231187424469,8.532539543055236,-0.001227850953799,1.5692333432793784,-3.9807764754211137,3.5615924382460094,0,0,0.0001592673700975,0,-5387.0084503981925,4972.417320955865,0.0037165922960448,666.7272444659963,-1707.6624300229075,1704.4049835904568,0,0,0.0001592673700975,0,794.8648120902387,4334.400878750725,1897.781352913322,866.3852386210942,856.3182212049857,4100.547983337621,0,0,0.0001592673700975,0,-0.2801266988542941,0.2942979251149501,-1.2226744079576307e-05,0.0848049711553081,-0.198532160472073,0.1252272851932752,0,0,0.0001592673700975,0,5.761726422808342,0.922514429281608,-0.4634622801673967,0.5991724030502247,0.0051010340102688,0.1068045640592038,-0.2276910775935885,0.292097108058922,0,0,0.0001592673700975,0,-0.8304207980494173,2.1355029198854583,-0.0088582956038473,0.307643311859876,-0.3810278664401946,1.6498910616078226,0,0,0.0001592673700975,0,-1.0015463980357917,2.1949009179424324,0.0029053456827761,0.5201297658942952,-0.6254616697370542,1.6969830088423767,0,0,0.0003185337255545,0,36.25828717827104,37.45396021974341,36.67466775335207,0.1967172135465277,36.32926811237281,37.14267556640936,0,0,0.0031853220360578,0,75.42115401291352,120.63004158578136,89.87155406775136,9.317707145154849,77.51167160579271,112.74741162190983,0,0,0.0015926610180289,2,3.4354177270885398,3.456887833724201,3.444813978845421,0.0041459191525153,3.438272919653035,3.4537181315200187,0,0,0.0001592673700975,0,621,59.74664206969882,6.394778784457105,50.33723509967354,0.0656182087343888,1012.75,True,59.304916725255225,619,1.891,0.017632762572007,2.9358580071932194,large_sync_lag,1,3.12,Resting,,True
datasets_subject_21_to_30_scidata/GDN0028/GDN0028_1_Resting.mat,GDN0028,Resting,2018-05-23_11-49-36,v5,40.63,2000.0,2000.0,1000.0,100.0,200.0,1223800,1223800,611.9,True,,611.9,611.9,611.92,611.9,78323,76,151,-465.0169181047071,606.4296134878193,1957.6922007163823,1466.4719448625528,-0.9207415342436612,1.3349673736171406,0.0575566114472524,-2304.631233215332,1604.2890548706057,-1266.869195367137,1004.144057988976,-2212.7027893066406,1275.4111337661743,0,0,0.0001634253963065,2,-1527.5301933288574,2786.147117614746,907.9747313049654,1180.9336483354157,-1307.9043436050415,2417.565426826477,0,0,0.0001634253963065,2,-3.920041151643024,9.455823060682135,-1.278848737672439,2.3065013392028955,-3.678499361635138,6.515514678517566,0,0,0.0001634253963065,0,-3.896639452687823,9.39937408066391,-1.2712143195603471,2.2927320832456783,-3.656539608832083,6.476618629433757,0,0,0.0001634253963065,0,-13.135892503328932,12.160706494834583,0.0013187504861142,2.002738035074969,-4.945205732907516,4.629771673850947,0,0,0.0001634253963065,0,-7567.949725097077,6830.501679375797,-0.0162031705453025,945.9095086164016,-2348.4515020943363,2354.279666187522,0,0,0.0001634253963065,0,748.4850935979562,3102.5307669250446,1440.3357494087654,573.0117799316646,800.6723691154356,2829.8056386157696,0,0,0.0001634253963065,0,-0.2992384824935531,0.2150146647596321,7.632863671131494e-06,0.0458780192557636,-0.1202264155528668,0.0964318967301706,0,0,0.0001634253963065,0,13.296013533351733,2.128834907517531,-0.1948397204402795,0.5994701250679351,0.00773118560804,0.0767363314303379,-0.0895609131926374,0.3798732483767884,0,0,0.0001634253963065,2,-0.9647610244445342,1.7541315880287045,-0.0045117235631259,0.2040542827964383,-0.3107135716994963,1.1067256498905358,0,0,0.0001634253963065,2,-0.9842156956635424,2.633630131418723,0.0022054535475215,0.5468151639159251,-0.6917319572305913,1.828543043877291,0,0,0.0003268507926131,2,35.47520018319239,36.876192047773735,35.75922588883842,0.1936095732228068,35.51401356721789,36.42324298809333,0,0,0.0032684010981827,2,42.78610375376008,85.97997607664031,56.782091628133294,7.387377184541032,45.2143160106053,76.99697061544094,0,0,0.0016342539630658,0,3.4342119643749625,3.455897448123174,3.44359602761109,0.0040652970591938,3.437150036193682,3.452419639911783,0,0,0.0001634253963065,2,528,52.2575692637154,5.07735274608926,97.7216550367311,0.1012421157395944,1158.0,True,52.25937171377922,528,-0.961,0.0150509769188797,2.863325791633484,,0,2.94,Resting,,True
datasets_subject_21_to_30_scidata/GDN0029/GDN0029_1_Resting.mat,GDN0029,Resting,2018-05-24_09-32-13,v5,40.73,2000.0,2000.0,1000.0,100.0,200.0,1231700,1231700,615.85,True,,615.85,615.85,615.84,615.86,78829,76,152,-200.1572203291783,165.40194827060736,1065.898746501957,714.0315678002988,-1.1313630436309827,1.492789387149433,0.1854216422106811,-1774.775505065918,632.3604583740234,-83.52694256251301,460.1606019726304,-1001.48540019989,570.655345916748,0,0,0.0001623772022408,2,-1293.9434051513672,1343.231201171875,819.0885837168878,360.2815102479336,-209.40412998199463,1287.050290107727,0,0,0.0001623772022408,4,0.6796672310513523,7.336719688004307,2.371596466612631,0.7749997704827488,0.8942527552231977,4.014858226324824,0,0,0.0001623772022408,0,0.675609781826843,7.292921243341191,2.357438608465752,0.7703732090213758,0.888914282243438,3.9908904923328254,0,0,0.0001623772022408,0,-15.130066220385288,13.685644012573448,-0.0032037390376501,1.983395290908897,-4.791093340693169,5.065128979258509,0,0,0.0001623772022408,0,-9617.277534594848,8855.572774896922,0.024005254003035,1177.655035551449,-2913.2977240058904,2918.956344634217,0,0,0.0001623772022408,0,0.9000054171377329,2113.1476944606825,522.7070310007135,261.39607108134686,66.53819893024063,1194.1139323726018,0,0,0.0001623772022408,0,-0.2603613432971479,0.2256036977184372,4.298278191219066e-06,0.0402960175241488,-0.0959725656960686,0.0943243554298937,0,0,0.0001623772022408,0,6.6173114615143485,1.0595028049461097,-0.3241537001033762,0.4074241446211314,0.0063512825326842,0.0755105744379718,-0.1464639836907103,0.2000414633312378,0,0,0.0001623772022408,0,-0.7624250460084485,1.5048429171843638,-0.003173779977834,0.2282911969586855,-0.4388087226764016,0.9440791529727952,0,0,0.0001623772022408,0,-2.309147603180651,3.253868292539419,0.0026907473692952,0.6487936198176762,-1.0521818060406471,1.9578683938087464,0,0,0.0003247533498308,0,30.285067199457973,33.47572134141035,30.72630276280081,0.3198896126880434,30.34365540229526,31.76872662605011,0,0,0.0032475967783839,0,45.22323553060435,98.05152107792917,62.67205820141858,8.629543605628115,48.9331426036026,85.67548044295091,0,0,0.0016237456564803,0,3.4374585203158,3.4534816806693507,3.444117535460645,0.0025824379138859,3.440142976033989,3.4502828196945536,0,0,0.0001623772022408,0,613,60.23454257256879,4.338993474648168,61.12335015708996,0.0576439535958054,996.0,True,60.20439256778498,614,1.023,0.0258530313314333,1.919518318867989,large_sync_lag,1,2.98,Resting,,True
datasets_subject_21_to_30_scidata/GDN0030/GDN0030_1_Resting.mat,GDN0030,Resting,2018-05-24_14-53-32,v5,41.65,2000.0,2000.0,1000.0,100.0,200.0,1253200,1253200,626.6,True,,626.6,626.6,626.6,626.6,80205,78,155,-943.4637721939952,1107.6922553837803,2325.550464356869,1684.6780793755884,-1.050053859134065,1.3804123724449566,0.1009173618381232,-3799.980640411377,1971.041679382324,-741.6201511081551,1147.715970475619,-2914.464020729065,1039.4573259353638,0,0,0.0001595914458984,2,-2174.851417541504,3824.039936065674,173.8647682374558,1298.137671212731,-1216.63920879364,3269.5580101013184,0,0,0.0001595914458984,2,-2.0433457238236703,20.65880301623988,0.4237712801242086,2.4509341426472644,-1.8116460290208456,14.201387986261334,0,0,0.0001595914458984,0,-2.0311474433361614,20.53547495149285,0.4212414679258929,2.4363026577351192,-1.8008309397540505,14.116609129727852,0,0,0.0001595914458984,0,-21.358917457524512,23.37381440991533,-0.0017308650446524,2.028204710568713,-5.072607345357203,5.235719156224709,0,0,0.0001595914458984,0,-4685.571535965981,5105.573198134138,0.0009314219104089,767.1681488824388,-1819.7340087767857,1820.9690270458527,0,0,0.0001595914458984,0,707.7884852926613,4243.809312676183,1638.090048805508,564.8666694988922,1025.5431137900523,3277.867612832694,0,0,0.0001595914458984,0,-0.5859158912017831,0.925678577975842,-4.791830799895858e-06,0.0484177762166524,-0.1404719353859332,0.1361584299080238,0,0,0.0001595914458984,0,22.566622394829015,3.613159190788558,-0.3614828848682617,0.5287889594986459,0.0117941269225985,0.0903363361972869,-0.201446875406311,0.3546782822071065,0,0,0.0001595914458984,0,-0.942097879795403,1.3538184885092357,-0.0063317532090876,0.1823363580187517,-0.3996659020395637,0.6605334056574126,0,0,0.0001595914458984,0,-1.5713495564464626,2.6846571437359024,0.0050760699067009,0.4594856336629965,-0.8348415666507957,1.5072597456897354,0,0,0.0003191828917969,2,36.42384921077026,38.25652281104362,36.9679147494336,0.2231422829337109,36.65338085882976,37.71596826740338,0,0,0.0031918289179699,0,56.53398196722938,129.69798533377886,85.06112863098731,11.607924741757774,63.218782447529335,114.14947886431278,0,0,0.0015959144589849,0,3.4339854989264125,3.455756071501627,3.443025522119455,0.0040231044284632,3.4369842369464148,3.4520935336652747,0,0,0.0001595914458984,0,530,52.1875784794065,7.634790868440996,178.8891565277055,0.1658954403889566,1192.0,True,52.44832093530645,536,1.333,0.0299378457685979,2.5149768904858925,large_sync_lag,1,2.88,Resting,,True
datasets_subject_01_to_10_scidata/GDN0006/GDN0006_1_Resting.mat,GND0006,Resting,2018-02-16_12-41-56,v5,40.38,2000.0,2000.0,1000.0,100.0,200.0,1221850,1221850,610.92,True,,610.92,610.92,610.92,610.92,78198,76,151,,,,,,,,-1238.4276390075684,3290.3971672058105,1783.402564603363,230.7375376440363,1022.8571033477784,2212.425889968872,0,0,0.0001636862135286,2,-1611.4935874938965,3187.8104209899902,1830.3399693353692,302.30226162386646,1412.6697969436646,2638.17334651947,0,0,0.0001636862135286,2,-3.109716224218662,325.94564191030963,230.4479400516411,92.26774475561174,3.3357173619273848,323.4453852342633,0,0,0.0001636862135286,0,-3.091151969380478,323.9998251464862,229.0722215044839,91.71692860279126,3.315803934878094,321.51449439896464,0,0,0.0001636862135286,0,-3861.793158512664,3788.114988661473,0.426454557245344,44.89098647707084,-91.17234509113332,90.31969989559902,0,0,0.0001636862135286,0,-2397375.88037172,2197735.737200778,0.2891139116051129,28277.55601528059,-59402.9117679534,58990.897627995,0,0,0.0001636862135286,0,0.1984452657516565,3513.436230771801,299.12372285368286,234.84349487922972,29.740440876624465,1054.3512459431215,0,0,0.0001636862135286,0,-6.0344751201477775,8.010155572523846,-2.4365194070976836e-05,0.3535940764671102,-0.9797869408312232,0.9837714941700454,0,0,0.0001636862135286,0,327.0909771158667,52.370786797984096,-0.1268717299063015,0.6137164531804791,0.0124092683427139,0.0710269405839166,-0.0648437416367168,0.3522235742619852,0,0,0.0001636862135286,0,-0.924756854570666,1.4419180982900188,0.0006787248044095,0.2329207366514208,-0.388574194687264,0.5684461624042655,0,0,0.0001636862135286,0,-1.9594130958792069,3.2266441160995822,-0.0074589009315867,0.6819342596840637,-1.0628938668420784,2.1440015737578832,0,0,0.0003273724270573,0,29.4296150073042,31.757914557313917,29.809183384372623,0.2383655410074144,29.491026248327096,30.49583812532043,0,0,0.003273751063969,2,21.51632671091509,65.05768848192787,35.85763691446374,10.663999006874308,24.22969034280127,61.67511548617054,0,0,0.0016368755319845,2,3.44400885451323,3.455466675853014,3.449463300194293,0.0012979542923185,3.4471112768208023,3.452423600016357,0,0,0.0001636862135286,0,572,56.16170752361076,1.4992199055702504,26.85927426486218,0.2217131576815138,1071.5,True,58.375354665670784,584,1.147,0.0264895935426521,1.0668715328692784,large_sync_lag;weak_radar_ecg_coupling,2,3.05,Resting,,True
datasets_subject_01_to_10_scidata/GDN0001/GDN0001_4_TiltDown.mat,GDN0001,TiltDown,2018-02-06_11-23-47,v5,45.05,2000.0,2000.0,1000.0,100.0,200.0,1369300,1369300,684.65,True,,684.65,684.65,684.64,684.66,87635,85,170,1055.4341131783406,-362.6445615171475,1394.226781937937,611.9451451868146,-0.6595709774510752,2.278352549904301,0.3329982442118449,-810.2207183837891,2747.4889755249023,1099.229230489322,635.4066809548233,-179.88736152648926,2381.554708480835,0,0,0.0001460600306726,2,-2036.1871719360352,1230.2780151367188,-632.1341243643744,589.815208296263,-1647.1311712265017,705.9379816055299,0,0,0.0001460600306726,2,0.9800253432128848,13.794326068148411,4.96052830124326,1.3981130374703374,1.9361156839649187,7.484948931871445,0,0,0.0001460600306726,0,0.9741748285975668,13.711977272957476,4.930915145290605,1.3897666402916986,1.924557540918487,7.4402655944209455,0,0,0.0001460600306726,0,-639.6167304355943,1218.4710567556783,0.0046206029888145,7.60871777685848,-19.73175553858493,19.350585396724508,0,0,0.0001460600306726,0,-563951.6090764579,604569.8477782253,0.0301930120662234,4613.391222188489,-11942.650066880764,11928.946432001703,0,0,0.0001460600306726,0,0.8551509661300155,2091.152598703174,777.0429306003809,384.4839582395612,103.77635426545277,1647.2538345556106,0,0,0.0001460600306726,0,-1.3467675671325967,1.6595725274035262,-2.377942375645757e-06,0.1628116682167301,-0.3546631854659381,0.4123769182445077,0,0,0.0001460600306726,0,12.73780244435991,2.0394593026395467,-0.5255022475221859,1.0737140345252183,0.0043964515504482,0.0686747837528347,-0.1062705548919514,0.1892304531820216,0,0,0.0001460600306726,0,-1.1681956117619583,1.5879452084768253,-0.0199350807438063,0.1999808754175165,-0.4881607559072697,0.9101999659968916,0,0,0.0001460600306726,0,-3.0095148330904227,3.215570523198848,-0.0060391702312669,0.7600219072133165,-1.4405100478683637,2.177540383631308,0,0,0.0002921192080064,0,24.56633684065041,28.847202602110084,25.24433803674249,0.3962651266059131,24.657412099831824,26.358993227686017,0,0,0.0029212432811404,0,79.02318358971205,154.36774862535458,106.28683312039784,14.215755809303287,86.55666779343022,146.34053077607626,0,0,0.001460578973505,0,3.445624200310079,3.4561562399294656,3.4504872818734453,0.0011839295627366,3.4484916400448977,3.45313122662227,0,0,0.0001460600306726,0,756,66.9830746893256,4.735291142096751,78.90551244035721,0.2104726579074402,901.0,True,66.74441053342632,755,0.0775,0.0731907270453615,1.0856400296959032,strong_iq_imbalance;weak_radar_ecg_coupling,2,3.35,Tilt-down,,True
datasets_subject_01_to_10_scidata/GDN0002/GDN0002_4_TiltDown.mat,GDN0002,TiltDown,2018-02-06_16-10-50,v5,27.36,2000.0,2000.0,1000.0,100.0,200.0,834000,834000,417.0,True,,417.0,417.0,417.0,417.0,53376,52,103,1121.5244235571474,-43.952538005972656,2523.3224222542417,2214.770572919037,-1.5227024054427665,1.1393154907817549,0.2450901784938101,-2590.740203857422,3999.999523162842,-113.58701899297516,1297.389417246127,-1578.07119846344,3510.952787399293,0,0,0.0770983213429256,374,-3251.759529113769,3492.8746223449707,-924.96109602377,1034.3829794480566,-2772.3110914230347,2137.078671455384,0,0,0.0002398081534772,2,-1.7893434357043472,11.267559807450814,-0.6687640401117031,1.305842404542581,-1.742802333634665,4.025483465442248,0,0,0.0002398081534772,0,-1.7786614875334033,11.200295196602744,-0.6647716803038994,1.2980468407584524,-1.7323982246030427,4.001452301338796,0,0,0.0002398081534772,0,-30.39559818604367,41.24169258292835,-0.0001371062926564,2.207306833854586,-5.286851775356158,5.382299754974089,0,0,0.0002398081534772,0,-7469.316803009919,8079.444924579155,-0.009461303043074,1006.7937366009116,-2559.530757593617,2552.7257809639927,0,0,0.0002398081534772,0,176.0068861807143,4644.142610789946,1424.395473618382,851.0375919367771,369.8716691470564,3924.3794629064714,0,0,0.0002398081534772,0,-0.5943966862472261,1.6709830021551797,-6.490399169324957e-05,0.0768294206978772,-0.2061901686884488,0.2123350619003609,0,0,0.0002398081534772,0,12.978956684136149,2.078070692620744,-0.5203356959063296,0.6176773993808676,0.0029364385039735,0.0808332292037792,-0.1834395555938912,0.3057950494145039,0,0,0.0002398081534772,0,-0.6614440432970574,1.3534412216784557,-0.0180817987718405,0.1805214845889847,-0.3119535633256557,0.8300862052595154,0,0,0.0002398081534772,0,-5.42939988989748,3.1468963866497104,-0.0086913810223041,0.6069444217830137,-1.087343083496006,1.722079660359069,0,0,0.0004796163069544,0,24.94003529668877,27.57774199292275,25.576361409745875,0.3075077248054786,24.98866563626392,26.33009257846677,0,0,0.0047961630695443,0,4.194102220929299,195.74216675842047,95.62704620630208,65.87001327763028,23.94462891633516,175.99169348484608,0,0,0.0023980815347721,2,3.4457789089550936,3.4561201562232995,3.450374033971808,0.0011820463218074,3.448391565919534,3.453008435919932,0,0,0.0002398081534772,0,447,64.53161017411254,4.362571056265851,42.1069463679383,0.1434054477283546,941.0,True,64.45106924062297,446,-1.4415,0.0182022035593548,1.9300642279733708,large_sync_lag,1,2.05,Tilt-down,,True
datasets_subject_01_to_10_scidata/GDN0003/GDN0003_4_TiltDown.mat,GDN0003,TiltDown,2018-02-07_17-47-14,v5,42.17,2000.0,2000.0,1000.0,100.0,200.0,1285500,1285500,642.75,True,,642.75,642.75,642.76,642.76,82272,80,159,232.4448303630706,124.0281462757756,1936.7118454771664,1705.823747723709,0.4349774878894852,1.1353528452523656,0.1320626784989811,-2178.766250610352,2686.070919036865,528.647046794691,1304.2877208539935,-1813.074221611023,2288.5468864440923,0,0,0.0001555814858031,2,-2205.604553222656,2289.4439697265625,163.50503116764943,1188.5070044585975,-1839.5943784713745,2031.940460205078,0,0,0.0001555814858031,2,-15.346202832614749,11.505075185787964,-10.343625210483028,3.942187979991992,-14.751347770429422,7.724474924748464,0,0,0.0001555814858031,0,-15.25458970793013,11.436392665493011,-10.281876266041545,3.9186540698201777,-14.66328578680398,7.678361674967861,0,0,0.0001555814858031,0,-140.24814330301115,141.34652010990317,-0.0189843136763832,2.641140064313896,-5.929669340747946,5.875898953354026,0,0,0.0001555814858031,0,-45415.3762557686,44547.23054418279,-0.0809958544213954,1338.7659554706158,-3276.284646664293,3278.4700044407527,0,0,0.0001555814858031,0,157.95942568009508,2766.306632694512,1735.1359957344732,320.96484967078544,613.6722805580465,2499.902654662927,0,0,0.0001555814858031,0,-1.7577062564520554,1.0619141866669812,5.012640474929309e-06,0.0568215213074463,-0.1200582644689544,0.1242012289683201,0,0,0.0001555814858031,0,26.69098237342314,4.273513624963544,-0.5017993141522432,0.6850083187861229,0.0038126068892924,0.0965976583478027,-0.184920951819122,0.4824555308336464,0,0,0.0001555814858031,0,-0.698753799520025,2.460502882635531,-0.0098446526547837,0.2723847712436615,-0.2623792699241408,1.4959939587277775,0,0,0.0001555814858031,0,-2.9570834456306305,3.337030364247311,-0.0069990914201495,0.56805456461126,-0.9009324215301928,1.888723432795272,0,0,0.0003111620033854,0,22.56840856713224,25.911592723315227,23.267396323670766,0.5211545426265487,22.661411009675305,25.51048881947769,0,0,0.0031115813056195,0,87.99702123893714,160.17715674238235,114.18350685106556,14.08935899751819,95.06969396563213,153.52056913901563,0,0,0.0015557906528097,0,0.0284228878031609,3.4638914436905903,3.447156280890649,0.1090422575962338,3.4485984499484044,3.453327095762361,0,0,0.0001555814858031,0,631,60.7174613243077,11.480821262762666,107.8644448157687,0.1699729054631703,1056.0,True,60.78581711968842,633,-0.6045,0.0335544207911668,1.0967180078479164,weak_radar_ecg_coupling,1,3.12,Tilt-down,,True
datasets_subject_01_to_10_scidata/GDN0004/GDN0004_5_TiltDown.mat,GDN0004,TiltDown,2018-02-09_17-15-49,v5,43.69,2000.0,2000.0,1000.0,100.0,200.0,1328100,1328100,664.05,True,,664.05,664.05,664.04,664.06,84998,83,165,477.87713236168,283.31900317176166,1648.8528246226315,1552.2611758724631,0.3064854467519895,1.0622264154071095,0.1385810157866083,-2367.20609664917,2666.833877563477,523.06285184493,1023.8651220475886,-1288.1178951263428,2245.9054136276245,0,0,0.0001505910699495,2,-1990.1046752929688,2609.1227531433105,-503.93496317763294,889.1568063001406,-1490.968313217163,1915.9846782684328,0,0,0.0001505910699495,2,-5.987771488668415,26.32020464031336,-0.7185639972628357,2.940056231778491,-3.3761633971821454,12.275358816431956,0,0,0.0001505910699495,0,-5.9520259389739625,26.16307937514268,-0.7142743437379121,2.922504806120982,-3.3560085170704124,12.202077888891488,0,0,0.0001505910699495,0,-693.7506023369253,208.82676438948303,-0.0037936073513964,3.798535044491238,-8.58955050816208,8.45151219862734,0,0,0.0001505910699495,0,-162893.92702555188,306812.9172067068,0.031387126135955,1611.1522690274448,-3554.96004081024,3550.329954444392,0,0,0.0001505910699495,0,9.930935349963203,3277.6714367316213,1269.4710669006442,476.8048076912916,578.3125373731903,2540.504714778153,0,0,0.0001505910699495,0,-3.433353506850155,1.6073954366048944,-2.5451691017074484e-05,0.1254450717887897,-0.2397741539146701,0.274448529995095,0,0,0.0001505910699495,0,32.11510531411664,5.141974102222408,-0.7945564698228209,1.7426453707555327,0.0046079342707855,0.1229806774552897,-0.3427970242453397,0.3795738548443761,0,0,0.0001505910699495,0,-3.348872437474995,6.65670118301459,0.0356551170943013,0.5041568984604091,-1.384271945957904,1.621295393842095,0,0,0.0001505910699495,0,-3.9756516311204297,4.850017348064295,-0.0047424388139654,0.9342408454822616,-1.435857371315666,2.853512817506096,0,0,0.000301181232795,0,42.31344789804757,46.97709573796818,43.02006314821558,0.7679736224725867,42.42335228334996,46.05272150949973,0,0,0.0030118667550147,0,94.09809570425026,147.39357510138896,111.82123657385546,10.522772607627736,96.65024711143865,137.44233091272898,0,0,0.0015058880221666,0,0.0266248330861845,3.468455661027255,3.436958301916104,0.2090698571783835,3.447431442290107,3.452800010738688,0,0,0.0001505910699495,0,744,67.91858742116032,5.603177335366109,48.673921926178046,0.3444773318856501,903.5,True,68.14624160787663,750,0.217,0.0300204012141273,1.649319834914666,,0,3.16,Tilt-down,,True
datasets_subject_01_to_10_scidata/GDN0005/GDN0005_5_TiltDown.mat,GDN0005,TiltDown,2018-02-16_10-53-12,v5,40.08,2000.0,2000.0,1000.0,100.0,200.0,1210550,1210550,605.27,True,,605.27,605.28,605.28,605.28,77475,75,150,-380.0385699400056,1116.6881753598702,1749.3695258923815,1484.0359764740765,-0.5974683866711148,1.1787918578960004,0.568409164520476,-2894.6690559387207,2920.841693878174,-389.8231359402795,827.6156158624116,-2313.660674095154,1567.1603918075562,0,0,0.0001652141588534,2,-1569.7627067565918,3534.9159240722656,1510.973002825039,888.9241726642662,-633.2937145233154,3418.2465410232544,0,0,0.0001652141588534,2,-4.714530402980014,2.490034634322161,-2.4988882503644705,1.862688913759596,-4.615602551861145,1.3551188674535857,0,0,0.0001652141588534,0,-4.6863857950696,2.475169728917786,-2.483970491010541,1.851569110798161,-4.588048519330075,1.347029135086523,0,0,0.0001652141588534,0,-120.69908104496852,225.35377075332397,-0.0014741222588807,5.314577775966213,-13.741447864042913,16.130103324390657,0,0,0.0001652141588534,0,-99830.24648334194,126798.85762393117,-0.0817672937647187,2824.762128031685,-7925.328488535177,7919.447078800899,0,0,0.0001652141588534,0,8.05084733682022,3347.850619748802,1061.9166814778905,589.4631065343731,212.07139514839517,2595.8984195027374,0,0,0.0001652141588534,0,-1.1817309870853072,1.014190162130488,1.8752428148736387e-05,0.1426787779307297,-0.4327757924277513,0.383786244995509,0,0,0.0001652141588534,0,7.161555523987386,1.1466421385136865,-0.3610119549920879,0.9171527044835478,0.0170112784421512,0.0855348998886345,-0.155540583598863,0.3075846165630799,0,0,0.0001652141588534,0,-1.2126600163214056,2.216734054078653,0.0157168551689725,0.2393019146015183,-0.6074892587999725,0.9526858341599616,0,0,0.0001652141588534,0,-4.471228417474335,4.157063769841805,-0.0079338816954897,0.6421885069830336,-1.101542177836189,1.905546075161812,0,0,0.0003304272258817,0,41.2068174259419,42.75788774586831,41.68902373136328,0.2141326346337977,41.35644619631736,42.23586841779007,0,0,0.0033042558815754,2,73.97496143910631,165.64706353880655,117.3501191199139,13.892658457338984,83.50373106100407,155.34357257876823,0,0,0.0016521279407877,0,0.0332063334108064,3.486204710041453,3.445164154215812,0.1221935714462688,3.4468829488275228,3.452772780892885,0,0,0.0003304283177068,0,589,59.08112634935564,6.557769590962423,65.17564395990065,0.0731899328321282,1019.75,True,59.07799725048952,589,0.1395,0.0397849275927698,1.0331522485108344,weak_radar_ecg_coupling,1,2.99,Tilt-down,,True
datasets_subject_01_to_10_scidata/GDN0007/GDN0007_5_TiltDown.mat,GDN0007,TiltDown,2018-02-19_10-26-33,v5,42.71,2000.0,2000.0,1000.0,100.0,200.0,1289450,1289450,644.73,True,,644.73,644.73,644.72,644.72,82525,80,160,1278.6376536356368,747.8765395989421,1701.2038534672402,1394.121790125719,0.3396446336637946,1.2202691798639984,0.2490926590610937,-1516.1857604980469,3828.1755447387695,1643.4183841166007,976.8422903972436,-576.110954284668,3040.827736854553,0,0,0.0001551048896816,2,-1648.0188369750977,3727.05602645874,1382.0010442680884,827.2353559008934,-970.0068426132202,2394.271440505981,0,0,0.0001551048896816,2,-24.878383159424228,9.05890081945811,-12.595141575115868,6.470773222549859,-24.617648777062904,6.080298472938024,0,0,0.0001551048896816,0,-24.72986522028347,9.004821369360213,-12.519951621736055,6.432144269152771,-24.47068735921548,6.044000559493461,0,0,0.0001551048896816,0,-1709.5091529633069,2775.1293415779173,-0.0120247378178444,9.46248445292806,-12.37946255336352,12.356244513367615,0,0,0.0001551048896816,0,-2109826.4044707003,994949.3932774708,-3.5687211720464083,5916.8663920473,-6906.3364488012485,6925.711885921036,0,0,0.0001551048896816,0,25.41442768268106,3376.440522884611,1185.148231471968,483.69707855214233,348.02829772418613,2634.655946634859,0,0,0.0001551048896816,0,-5.07050639534166,4.507453258375357,-0.0005122619218371,0.1661405725756163,-0.4470385142382809,0.4444853328308348,0,0,0.0001551048896816,0,33.73468658964369,5.4012865003525095,-0.2243958817353842,0.3029371683377152,0.0058876193869377,0.0668940027206489,-0.0859519847113681,0.2358544332192296,0,0,0.0001551048896816,0,-0.5136451613065838,1.6347491711804278,-0.0107805554580737,0.2117500356230466,-0.2723533812913676,0.9067309097830744,0,0,0.0001551048896816,0,-2.0141381201618325,3.493403221675905,-0.0044652850953571,0.6846522439153842,-1.149572340059918,1.9521489119850184,0,0,0.0003102097793632,0,26.21642961862321,31.235263201987795,26.95412576682164,0.6706896866271767,26.444905400237992,30.090116828213723,0,0,0.0031021218513463,0,26.44606533995243,118.49239579954605,70.86439562410555,11.978875113863824,52.445804212724525,109.1812436223316,0,0,0.0015510609256731,0,0.02342193507995,3.46408314154323,3.4385661470937383,0.1936607117866379,3.447156074386029,3.452659276900474,0,0,0.0001551048896816,0,1250,111.01161180274018,48.79794690723641,384.3806130446703,0.1689093558566488,646.0,True,60.25432510567965,631,-0.372,0.0181534103305358,0.9986155352699162,weak_radar_ecg_coupling,1,3.34,Tilt-down,,True
datasets_subject_01_to_10_scidata/GDN0008/GDN0008_5_TiltDown.mat,GDN0008,TiltDown,2018-02-19_12-38-53,v5,43.68,2000.0,2000.0,1000.0,100.0,200.0,1320850,1320850,660.42,True,,660.42,660.42,660.44,660.42,84534,82,164,1330.1420603524912,275.6295239968823,2852.471755018897,2299.588095405184,0.0414254361981396,1.2404272576982085,0.0691777681992919,-2000.487327575684,3999.999523162842,845.9610041130878,1911.402897794996,-1612.212200164795,3927.862420082092,0,0,0.0777529621077336,356,-2330.2621841430664,3747.1203804016113,-957.3056888194044,1088.391326831249,-2133.4937047958374,2214.402470588685,0,0,0.0001514176477268,2,1.85789909854738,14.917393428961194,4.60904037884291,1.3476116549127088,2.8716853988597686,8.471414602242081,0,0,0.0001514176477268,0,1.846807889625984,14.828340192855617,4.581525520899938,1.3395667387914665,2.854542130562701,8.42084230297852,0,0,0.0001514176477268,0,-448.98290101115936,332.5646145380024,0.0024126531708436,3.1446881795059407,-5.750474203299568,5.530387366277644,0,0,0.0001514176477268,0,-174288.48162132106,191502.9924976451,0.0062405324971762,1391.4045192861993,-2680.3671858574257,2681.357293616012,0,0,0.0001514176477268,0,285.2945515608222,5086.806078261067,2063.3940399113235,761.8804066774669,1007.6046085313126,4336.9796434504415,0,0,0.0001514176477268,0,-1.714811668605412,1.6819975136192558,1.757826446646173e-05,0.0779764129910831,-0.140583353318244,0.1305266504122004,0,0,0.0001514176477268,0,12.981532303229631,2.0784830769659406,-0.8902269836549996,0.6481667502686296,0.0051283928130895,0.1024618622800002,-0.2932794025037089,0.3225025181899136,0,0,0.0001514176477268,0,-1.9462381309127124,2.803795603114812,-0.0192603330755276,0.2836867031181961,-0.640290374589349,1.4727190742850154,0,0,0.0001514176477268,0,-1.5489182628280955,2.93524629934008,-0.0063150930337601,0.5166515037904326,-0.8154535963456472,1.6896089116805597,0,0,0.0003028352954536,0,21.18650234647657,25.544913096972223,21.524382532024788,0.471838461699824,21.23012467672523,23.84771255372704,0,0,0.0030282841741869,2,54.25481306061327,116.05003275541654,79.56470830924066,10.962678375674612,61.3446640403054,110.0260802668692,0,0,0.0015141879410072,0,0.0206957195270537,3.497463954114717,3.436228709513041,0.20947172932186,3.446492101904122,3.452347985218425,0,0,0.0001514176477268,0,606,56.11442181232808,9.17570907861792,74.74067750677797,0.0373244784225903,1114.0,True,56.115492243324056,606,-0.279,0.0531714099765965,1.6002218362706808,,0,3.19,Tilt-down,,True
datasets_subject_01_to_10_scidata/GDN0009/GDN0009_5_TiltDown.mat,GDN0009,TiltDown,2018-02-19_15-48-53,v5,41.72,2000.0,2000.0,1000.0,100.0,200.0,1263350,1263350,631.67,True,,631.67,631.68,631.68,631.68,80854,78,156,367.5987436691098,431.791369541623,1708.7429253174448,1092.546184855953,0.6138133642346428,1.5640006335683965,0.4327846012871273,-1674.57914352417,2537.061214447021,-7.931938736034986,621.7984545154933,-1303.9327239990234,1782.4562263488772,0,0,0.0001583092571338,2,-1507.5879096984863,3226.263523101806,1023.8643547796678,542.0567870212495,-784.1654777526855,2170.11079788208,0,0,0.0001583092571338,2,-0.4312115719454488,39.21230442146072,25.79187824516937,5.481199279232648,7.442295900698487,35.46258318190992,0,0,0.0001583092571338,0,-0.4286373430018479,38.97821643413791,25.637906960982804,5.44847784328744,7.397867191543055,35.25088012480069,0,0,0.0001583092571338,0,-811.6785131569601,1001.9291560000876,0.0490877585744049,6.323251026911498,-14.027452089102518,13.28365731462659,0,0,0.0001583092571338,0,-930080.9870300704,443445.83475547424,-1.6036077199340923,3196.050185508848,-6374.0870397797,6401.26085587885,0,0,0.0001583092571338,0,0.2375300270858402,2622.3906515586373,633.0934324696582,528.8209377071252,51.00787996651923,1994.6555632105292,0,0,0.0001583092571338,0,-4.2342642795222325,6.327652010736269,-0.000249030218563,0.23911292966446,-0.7392998674286003,0.6820807011065917,0,0,0.0001583092571338,0,39.40685377713975,6.3094615318932,-0.8585122595937791,0.9752521040179908,0.0073345025607286,0.1049665757977882,-0.2123507349241476,0.4433879693539193,0,0,0.0001583092571338,0,-1.468674184627441,2.846125293609309,0.002954107552293,0.257821443500523,-0.5683710581758589,1.2462945198902569,0,0,0.0001583092571338,0,-2.806836871329889,3.65210947283555,-0.0105552511363873,0.5238341212211114,-1.0852161762470942,1.687446929527686,0,0,0.0003166175117979,0,16.57287789675734,20.33376687623312,17.213652245626882,0.7562801168659462,16.625443469087653,19.62351233854347,0,0,0.0031661600810536,0,74.64714621876514,124.577300478222,89.84505466072233,8.558889794707962,77.69213766286674,114.6768971131174,0,0,0.0015830800405268,0,0.0195849529993195,3.4716405622963884,3.4361012454042217,0.2123699282419731,3.44680893651532,3.4525231194030326,0,0,0.0001583092571338,0,593,60.914378371864345,11.142214127436644,170.43121368736777,0.1490482835700982,1014.75,True,60.78482065338658,625,-1.519,0.0282793430093188,2.2340045480702817,large_sync_lag,1,3.12,Tilt-down,,True
datasets_subject_01_to_10_scidata/GDN0010/GDN0010_5_TiltDown.mat,GDN0010,TiltDown,2018-02-20_10-37-42,v5,42.37,2000.0,2000.0,1000.0,100.0,200.0,1276000,1276000,638.0,True,,638.0,638.0,638.0,638.0,81664,79,158,536.4868241735771,1180.077388052512,1879.75496711148,1741.6062399438028,-1.3382220347057667,1.079322595428996,0.0696800547861493,-2223.437786102295,2610.7006072998047,1698.564195720006,676.0775401712124,-925.835280418396,2404.8652839660645,0,0,0.0001567398119122,2,-1509.376049041748,3434.3271255493164,508.5176124931503,995.660214327568,-744.362382888794,2920.0628948211674,0,0,0.0001567398119122,2,-13.41212574604972,7.892147914313774,-11.236695951229184,2.219563890465439,-12.756715253208176,-0.2826552860371584,0,0,0.0001567398119122,0,-13.332058594477392,7.845033697279782,-11.169615590148902,2.2063136300811235,-12.680560743991435,-0.2809679022429436,0,0,0.0001567398119122,0,-88.35801471568084,101.9504275570598,-0.0150811565504197,2.656801432236648,-6.177006039905396,6.080125175740387,0,0,0.0001567398119122,0,-34059.85468811876,16935.671193190246,-0.0811430914803567,1415.590800441349,-3445.909774043001,3453.5392523499067,0,0,0.0001567398119122,0,24.81820365439424,4096.9942017717485,1051.0281348182773,586.310465998337,416.5035174428826,3232.615344420719,0,0,0.0001567398119122,0,-1.6167899431001391,1.9350549604732905,-1.3660607983726228e-05,0.0541767816840597,-0.1162459277318225,0.1072074259831995,0,0,0.0001567398119122,0,21.177092291757177,3.3906804620293163,-1.1298266162644537,1.7035165557316152,0.0073017983592677,0.3326509837602486,-0.6836417115507064,0.7335835064258841,0,0,0.0001567398119122,0,-2.6253952680202555,5.194520757225179,-0.0175299394620631,0.7929765151921856,-1.8930091807018163,2.166690971811914,0,0,0.0001567398119122,0,-2.551037129274105,2.737973368813128,-0.0078616651578424,0.5738511505469394,-0.8811526733934537,1.966207016496247,0,0,0.0003134796238244,0,25.125703832843847,30.243982943271888,25.673267691202067,0.6865737164823063,25.20025778143055,28.99617033390641,0,0,0.0031347962382445,0,65.00056726247142,123.1926947110618,85.85368314293224,9.809063879808509,70.58148667815236,111.57322622092153,0,0,0.0015673981191222,0,0.0323920043399409,3.5013106623720374,3.428536939561992,0.2707022732726958,3.4469694567958573,3.45450399436847,0,0,0.0001567398119122,0,472,45.001613179164856,6.659155532132385,96.74956681059808,0.0217868509301339,1402.5,True,45.11392452681923,473,0.0775,0.0387640041968231,1.019567677866967,weak_radar_ecg_coupling,1,3.17,Tilt-down,,True
datasets_subject_11_to_20_scidata/GDN0011/GDN0011_5_TiltDown.mat,GDN0011,TiltDown,2018-02-20_12-40-14,v5,41.88,2000.0,2000.0,1000.0,100.0,200.0,1258050,1258050,629.02,True,,629.02,629.02,629.04,629.02,80515,78,156,191.236371532126,901.5359391936709,2248.786459632875,2000.2179656621024,1.0950112201610045,1.1242707036122896,0.1169849572466598,-2347.748279571533,2982.62357711792,-1238.7790254456672,727.6123221232323,-2005.3851747512815,1785.2025890350342,0,0,0.000158976193315,2,-1988.204002380371,3603.945255279541,1574.0037487570978,1085.8349942130887,-1213.9635801315308,3079.6430397033696,0,0,0.000158976193315,2,-12.346773307794331,9.918048923939525,-10.661054524356212,1.6101346045709548,-11.874194758212504,-2.353724040574749,0,0,0.000158976193315,0,-12.27306605298758,9.858840567148752,-10.597410603572524,1.6005224898415658,-11.803308683215398,-2.339672876494989,0,0,0.000158976193315,0,-108.93407215259832,123.0057013608266,-0.0126029514693164,3.405875239111717,-7.254903184287119,6.647282507988254,0,0,0.000158976193315,0,-23280.36167604383,23364.557779497467,-0.0037924400999136,1287.8858907836695,-3162.528100558571,3201.638857740717,0,0,0.000158976193315,0,72.17725923699123,4373.675958246917,1125.3951141368898,664.7880587376089,283.2751804620834,3642.54832758084,0,0,0.000158976193315,0,-5.389090456068955,7.564042461352409,-1.863251337835401e-05,0.2094889357145397,-0.2632461390201503,0.255902566904406,0,0,0.000158976193315,0,22.13190662013633,3.543556515242768,-0.5757235798441123,0.5661921077131208,0.0056475196805013,0.0926587374270884,-0.1260311879911232,0.3191141824651041,0,0,0.000158976193315,0,-0.6624618597328128,2.5491296112032606,-0.0096969589644133,0.303744310833213,-0.3295512496411248,1.571506738006453,0,0,0.000158976193315,0,-3.710345674945361,4.81302564937535,-0.0062721177110137,0.7139277403458751,-1.2590013706536614,2.0668490697735766,0,0,0.0003179523866301,0,28.30030368305048,33.47139814819562,28.945840762493468,0.5364049211504749,28.56719511549297,32.07919079492762,0,0,0.0031794480478188,0,68.65047209955073,127.53143060921032,90.57223811593296,10.28358146525656,73.73243212953888,121.1588674677714,0,0,0.0015897745699659,0,0.0262013433815016,3.487549879103037,3.424741776438762,0.288556744116495,3.445656892116278,3.454380872276159,0,0,0.000158976193315,0,639,63.209470424175,11.573587083722082,198.72448117491464,0.1094551961012647,992.0,True,63.62655674476337,650,-1.271,0.0104493569035698,2.2536743959840395,large_sync_lag,1,3.15,Tilt-down,,True
datasets_subject_11_to_20_scidata/GDN0012/GDN0012_5_TiltDown.mat,GDN0012,TiltDown,2018-02-20_15-38-04,v5,42.27,2000.0,2000.0,1000.0,100.0,200.0,1270750,1270750,635.38,True,,635.38,635.38,635.36,635.38,81328,79,157,409.4722447108959,596.9654158212784,2856.196335121433,2326.6559508410805,1.0717440845831,1.227597201936507,0.051516284097381,-2317.067623138428,3629.422664642334,1673.8006804719723,1096.9707598110886,-1823.549566268921,2985.230689048767,0,0,0.0001573873696635,2,-2454.2365074157715,3767.151355743408,-10.437254958422006,1805.2569386205464,-2200.6183338165283,3342.097144126892,0,0,0.0001573873696635,2,-16.830220302639656,0.5903039058328008,-13.547057825023584,2.232660275707149,-15.332392189400007,-1.261652050671057,0,0,0.0001573873696635,0,-16.72974795206063,0.5867799340779154,-13.466185161526926,2.2193318330658185,-15.240861510920007,-1.2541202926272312,0,0,0.0001573873696635,0,-78.9219036937152,119.85262579278832,-0.0211137595020697,2.1706529164170574,-4.84463401610567,4.900991888524606,0,0,0.0001573873696635,0,-31773.55561833945,26412.81977001154,-0.0088421686642798,993.603904139147,-2367.2239083937043,2357.482377875862,0,0,0.0001573873696635,0,26.311698132491717,4540.065770768355,1950.885484419832,810.15016447455,842.8792726968834,3886.49155629793,0,0,0.0001573873696635,0,-0.7463342833314379,1.3495788632469756,-5.539928237874854e-06,0.0731006092056247,-0.161575615316719,0.1545592216624844,0,0,0.0001573873696635,0,17.316527886138545,2.772562539030419,-16.497319369785668,17.537198819237652,0.0073762327554019,0.1603735358036574,-0.3204183998423577,0.4568559284249337,0,0,0.0001573873696635,0,-17.324579519664443,9.974985895650192,-0.0137482305123626,0.4329580290344301,-0.5693186913339094,2.2711755379163443,0,0,0.0001573873696635,0,-6.503352808516869,8.424905222556573,-0.0062048104631024,0.4902371333832847,-0.8873712937492487,1.427913710655329,51,0,0.0003147990165678,0,18.768502248221687,24.908331563843564,21.688300204562815,0.5941433739084839,21.19237770175751,24.556977662525156,0,0,0.0031478217073784,0,35.22862654718634,103.13151420136386,66.05326958572104,11.04809855409712,42.00613413052892,95.02414574733058,0,0,0.0015738613113412,0,0.0306607919361243,3.515304318250276,3.436943562894203,0.203708819707349,3.446612237633713,3.452580605516185,41,0,0.0001573924478381,0,723,69.05358020060123,5.74370694952381,54.59555842740323,0.0760968531157608,884.5,True,69.20931021856504,728,0.062,0.0341550643975372,2.72564483963405,,0,3.07,Tilt-down,,True
datasets_subject_11_to_20_scidata/GDN0013/GDN0013_5_TiltDown.mat,GDN0013,TiltDown,2018-02-21_12-40-32,v5,42.61,2000.0,2000.0,1000.0,100.0,200.0,1285400,1285400,642.7,True,,642.7,642.7,642.72,642.7,82266,80,159,501.0268584944947,1159.1584657752546,2247.1901919852053,2070.6357952395783,-1.2885309769382465,1.0852657899334726,0.2307865395252618,-3770.969867706299,3999.999523162842,285.68007315561044,1193.644593385728,-1203.3259105682373,2890.179224014282,0,0,0.0070017115294849,89,-2851.181507110596,3999.999523162842,-207.3612477309377,1031.973276387336,-1407.4792909622192,3414.438695907593,0,0,0.1466469581453244,846,-20.25536597217542,11.124535877668832,-18.31284457051106,3.573793374890724,-20.144449373270543,-0.8099321192494512,0,0,0.0001555935895441,2,-20.134446329148307,11.058125085140182,-18.203521311118017,3.5524586915412324,-20.024191875551683,-0.8050970201023723,0,0,0.0001555935895441,2,-185.1368528614845,146.4912443656542,-0.032689267367041,3.3598360423594857,-7.231005628903708,6.727042995046919,0,0,0.0001555935895441,0,-94194.52511767855,112532.46775867748,9.58828261189879e-05,1381.1426316369602,-2842.8487935723224,2832.1023201971702,0,0,0.0001555935895441,0,45.21906389946279,5200.624856268306,1399.4482250891008,728.9039194513606,347.8574505035825,3843.0914790045526,0,0,0.0001555935895441,2,-3.9038617565443294,4.634539423660121,-7.26348998935918e-05,0.1156651038221466,-0.1668590620500162,0.171654769332841,0,0,0.0001555935895441,0,31.192571414288487,4.994266493141224,-1.6874120355692988,0.3091137607498563,0.0073258825853555,0.0684989346987092,-0.1125615510813181,0.1370920334188697,0,0,0.0001555935895441,0,-2.83472678886226,1.177709459812902,-0.0055967774680657,0.1793710216615152,-0.3644946872530547,0.6554637645594642,0,0,0.0001555935895441,0,-2.9850414115608093,5.598195955444079,-0.0052847524193402,0.6080114802344394,-1.3357233351487516,1.5386363841668445,0,0,0.0003111871790882,0,24.25255632715562,29.72736736727437,24.89148835059959,0.7120552344345313,24.42582819935766,28.432671643101653,0,0,0.0031117749564351,0,65.37917655782306,110.27914762981116,84.57357540084722,8.667651697580725,70.8998353258656,105.3165482541746,0,0,0.0015559358954411,0,0.0309184530638526,3.4842777124222475,3.441415161584905,0.1657089040756226,3.4468911543633056,3.4525654805614967,0,0,0.0001555935895441,0,709,66.33522679242583,4.593682305861748,31.193044551130217,0.107515254018402,920.5,True,66.23785804813953,707,-1.054,0.0221878142380815,1.795363033018318,large_sync_lag,1,3.05,Tilt-down,,True
datasets_subject_11_to_20_scidata/GDN0014/GDN0014_5_TiltDown.mat,GDN0014,TiltDown,2018-02-21_15-45-51,v5,41.97,2000.0,2000.0,1000.0,100.0,200.0,1262950,1262950,631.48,True,,631.48,631.48,631.48,631.48,80829,78,156,567.8183652302365,1538.588642448164,1584.2939459643196,1237.2388255239357,-0.5603975324461103,1.2805077833646354,0.1564070507494735,-1682.5437545776367,2486.661911010742,1501.307688044456,558.0567265849361,-561.1479663848877,2119.590525627136,0,0,0.0001583593966506,2,-448.93407821655273,2958.7864875793457,2052.170578703526,580.6137402363821,416.2577438354492,2884.3096733093266,0,0,0.0001583593966506,2,-2.514554251616489,7.516290004664214,1.144568862002906,0.7642310865951191,-1.431793232053325,3.167644162537221,0,0,0.0001583593966506,0,-2.499542970018543,7.471419568578252,1.1377360623189372,0.7596688115758355,-1.423245772247052,3.148734091897319,0,0,0.0001583593966506,0,-143.74270607807273,147.9100511680257,0.0045847276325367,3.879681678604861,-8.701110762396732,8.549121540797614,0,0,0.0001583593966506,0,-48570.168088568,89846.6900857151,0.0218044812066664,2103.9618077424607,-5134.724598852207,5119.637264937095,0,0,0.0001583593966506,0,11.855831217224305,3203.7127152783382,681.3222671191251,429.3478703401592,133.43934459272776,2347.0314031951675,0,0,0.0001583593966506,0,-0.9008421029864664,1.1737357452952986,3.32958970874423e-05,0.0581003792821804,-0.1305686299107185,0.1157379462931828,0,0,0.0001583593966506,0,9.970962538596796,1.5964584467720204,-0.3979649038804649,0.6606847905045569,0.0070843037856008,0.1313973506917789,-0.1992699919652437,0.3801802998305157,0,0,0.0001583593966506,0,-0.6417406663190696,2.08390354015498,-0.012303766684399,0.3023676948567455,-0.3481450826595261,1.4865193442350657,0,0,0.0001583593966506,0,-2.354252941487699,4.513104995114849,-0.0090586587446766,0.9476098123239424,-1.720419962727907,2.6315119749560965,0,0,0.0003167177901966,0,37.11734810908625,43.80846306514028,37.87310858891721,0.7402942042575158,37.23403997275106,41.74469147951445,0,0,0.003167162855514,0,39.54429927184493,108.29444055856284,72.51037946818552,14.04255355455628,46.78586013295802,102.77759629175804,0,0,0.001583581427757,0,0.0216620517799686,3.473365121772267,3.4306435325607727,0.2512877636973994,3.446238344795544,3.4534703544644643,0,0,0.0001583593966506,0,838,79.99145094691019,4.091657580490296,36.87242125358459,0.0484580137440229,755.0,True,80.16519044010559,842,1.7825,0.0386328835050022,0.837794811759538,large_sync_lag;weak_radar_ecg_coupling,2,2.98,Tilt-down,,True
datasets_subject_11_to_20_scidata/GDN0016/GDN0016_5_TiltDown.mat,GDN0016,TiltDown,2018-02-23_10-52-09,v5,44.68,2000.0,2000.0,1000.0,100.0,200.0,1365250,1365250,682.62,True,,682.62,682.62,682.64,682.62,87376,85,169,19.738712805852856,-924.956563035697,4033.011474774988,2973.0470937663854,0.1531093094584337,1.3565245849051768,0.1052747654194437,-3999.5856285095215,3999.999523162842,-1261.1760510477995,2186.100974684133,-3974.696159362793,3836.0538578033447,0,0,0.6379783922358543,1126,-4000.0,3999.999523162842,-2809.581528159468,1402.057459973126,-4000.0,2148.287277221682,0,0,14.499029481779893,4424,0.7879528206258837,7.531204037500849,4.057034222247184,0.9433631491494748,1.360422522566291,6.408368118603419,0,0,0.0001464933162424,2,0.7832489325834177,7.486244568240707,4.032814707745358,0.9377314989785136,1.3523011286590796,6.370111708605579,0,0,0.0001464933162424,2,-376.9207512550853,509.78683599169153,0.0050108261969764,2.582835414327449,-5.193053371826042,4.512121531632171,0,0,0.0001464933162424,0,-122409.45891591016,129744.8157882264,-0.005247926375995,818.6575056435235,-1778.400209254052,1776.4689682284848,0,0,0.0001464933162424,0,50.6615627281701,8148.338009708852,2328.2811630731244,1150.612627368595,723.5990457663523,5788.369258283623,0,0,0.0001464933162424,2,-1.7264030776718091,2.556997932681726,1.5428955117850416e-05,0.0742372886298545,-0.1768309233540063,0.11526299153618,0,0,0.0001464933162424,0,6.702995635657289,1.0732217636760892,-0.3441059809203463,0.2406152228986071,0.0042478467571536,0.0554266027546865,-0.1097384305158993,0.1663783011010081,0,0,0.0001464933162424,0,-0.4579697769115952,1.8809326883442847,-0.0064197533165094,0.2247165039019252,-0.2660136971383401,1.1163870593317844,0,0,0.0001464933162424,0,-1.956027103701474,3.5455491226780413,-0.0079631089248082,0.6137061824900953,-1.1306467577186787,1.7294901789465582,0,0,0.0002929866324848,0,24.017832828058307,29.928088057888264,24.65562090760788,0.8991722689812263,24.064563723466065,29.04746719828454,0,0,0.0029298019453884,0,49.40511917109034,122.46260482243612,69.30564436251571,10.506892373013107,52.48996929314997,100.7593091720302,0,0,0.0014649438926489,0,0.0365550682545948,3.491728699611974,3.4315221172639343,0.2515070194102772,3.4467876455981594,3.454755653541433,0,0,0.0001464933162424,0,596,53.152006984814165,6.975411142118057,95.85545418828862,0.1470793972381595,1160.5,True,53.14977855739576,596,-0.868,0.0341915329897026,2.09637185171782,iq_clipping,1,3.52,Tilt-down,,True
datasets_subject_11_to_20_scidata/GDN0017/GDN0017_5_TiltDown.mat,GDN0017,TiltDown,2018-02-23_13-00-41,v5,43.05,2000.0,2000.0,1000.0,100.0,200.0,1304050,1304050,652.02,True,,652.02,652.02,652.04,652.02,83459,81,162,907.3579274001024,831.2850428963376,721.2180266384349,606.178001909907,1.0482570253463512,1.1897792799574831,0.46998861995624,-405.400276184082,2028.799057006836,796.133696117045,401.6287969285758,76.9574499130249,1685.2162981033323,0,0,0.0001533683524404,2,-170.8850860595703,2142.807960510254,861.2313265515445,333.09637965284315,49.2060136795044,1703.1161832809448,0,0,0.0001533683524404,2,-29.79168618408757,1.8683593259636817,-16.268153988933904,5.658094149815382,-29.62542693898401,-5.1102416596140765,0,0,0.0001533683524404,0,-29.61383701249007,1.8572056720108356,-16.17103703850435,5.624316694214266,-29.448570294926885,-5.079734751068871,0,0,0.0001533683524404,0,-3873.478693225708,1670.5264286800748,-0.0315806477587965,20.14310917351275,-45.32736155630507,45.065547048954514,0,0,0.0001533683524404,0,-1762279.5621793098,1470897.2287585367,0.0686915698723478,12807.09591469872,-28964.623952125723,28860.042743630944,0,0,0.0001533683524404,0,0.3305081815349247,1281.6183361517146,470.06691754307263,226.4861622520909,57.55619250835983,1071.4210602172916,0,0,0.0001533683524404,0,-3.636036280495213,4.810080304142288,-2.69882289460066e-05,0.1153193368623605,-0.2668683959962523,0.251440145631693,0,0,0.0001533683524404,0,31.471042684500905,5.038852741439024,-0.3048810617395595,0.71473603850479,0.0089951133222007,0.1064547586720178,-0.1632289353067141,0.4835997831891231,0,0,0.0001533683524404,0,-0.5460019956086447,1.903470380708268,-0.0087289806870373,0.2658971608343858,-0.3269444160751267,1.209263036024277,0,0,0.0001533683524404,0,-1.9708055272099132,3.0942603990117075,-0.0087287575013184,0.5157205835724422,-0.918214899329486,1.649109803654578,0,0,0.0003067367048809,0,36.68788959935742,41.975952967992384,37.31521738036271,0.7305770326941853,36.80049185433548,40.892995647969705,0,0,0.0030672964848782,0,75.35595029291166,127.89290091135108,96.75224615548942,10.40863003647478,81.21440568337611,121.62210122802423,0,0,0.0015336952854206,0,0.02209407807708,3.4631389862262734,3.4337392156512845,0.2331907554365108,3.4474455913233784,3.4525757025165618,0,0,0.0001533683524404,0,692,64.17928494368248,4.884728188633909,24.093176047907665,0.1205476174591599,952.25,True,64.28516990521321,695,-0.124,0.0233409528796586,1.0202186066336891,weak_radar_ecg_coupling,1,3.22,Tilt-down,,True
datasets_subject_11_to_20_scidata/GDN0019/GDN0019_5_TiltDown.mat,GDN0019,TiltDown,2018-03-21_10-56-48,v5,44.24,2000.0,2000.0,1000.0,100.0,200.0,1333400,1333400,666.7,True,,666.7,666.7,666.72,666.7,85338,83,165,-620.1809921975391,711.5318905533015,775.2210101524657,668.0289305713397,-1.0473595444207378,1.1604602355910674,0.1566591865081413,-1740.814208984375,272.6263999938965,-749.1141521771558,286.674366580003,-1323.762445449829,-212.09028720855693,0,0,0.0001499925003749,2,-389.1782760620117,1626.8162727355957,1273.8600017818103,357.20470724082907,-38.48552703857422,1564.128875732422,0,0,0.0001499925003749,2,-17.172436874194055,6.331381013131812,-14.990577208788284,3.835402526149456,-16.87224111034032,0.0067070761677678,0,0,0.0001499925003749,0,-17.069921573330788,6.293584197560659,-14.901087083191582,3.812506099347573,-16.77151790568767,0.0066670365428567,0,0,0.0001499925003749,0,-127.06796556780864,119.10708556181544,-0.0230388837336244,3.1982625475433037,-7.36176443232666,7.250760386531443,0,0,0.0001499925003749,0,-30376.62490719068,34136.36833771912,-0.031837371660983,1874.7668127709348,-4476.883867374182,4471.354691332001,0,0,0.0001499925003749,0,0.4794493448591526,1742.0919269306037,368.5065056798656,271.9932914626165,61.61188876890672,1338.403269086253,0,0,0.0001499925003749,0,-1.283763897849934,2.4034627582573576,-7.921401549152524e-05,0.0636364992532895,-0.0982770362452192,0.0970760188896328,0,0,0.0001499925003749,0,23.363505770891447,3.74074879829962,-0.8401055720349543,0.8667757953545386,0.0099263956220062,0.3578838200709704,-0.5313827862509682,0.6698058223652196,0,0,0.0001499925003749,0,-1.6060933568485798,2.521620134068633,-0.0131169607194635,0.519613991163187,-0.767752571723669,1.150513411266914,0,0,0.0001499925003749,0,-2.0616244604033214,3.876303884359944,-0.0034710701160902,0.7814408996029883,-1.1344842280682206,2.678962305800255,0,0,0.0002999850007499,0,31.19951683878924,38.04802831298419,32.01906997380641,1.2480682926768036,31.27025895536553,36.72415961461842,0,0,0.0029997600191984,0,74.76895989380245,151.27082108521836,99.20160963707735,13.580806315535142,78.87162204931046,140.38084681434557,0,0,0.0014999250037498,0,0.0196876397364845,3.465437291473754,3.437405942025668,0.1342221405090709,3.434049856522661,3.4541258648389075,0,0,0.0001499925003749,0,552,51.47173830719127,12.243293417136496,82.42333076590302,0.0114744348840819,1257.5,True,51.27414595966342,551,1.1315,0.0315852253273829,1.22593743683844,large_sync_lag;weak_radar_ecg_coupling,2,3.46,Tilt-down,,True
datasets_subject_11_to_20_scidata/GDN0020/GDN0020_5_TiltDown.mat,GDN0020,TiltDown,2018-03-21_13-30-00,v5,39.93,2000.0,2000.0,1000.0,100.0,200.0,1198750,1198750,599.38,True,,599.38,599.38,599.36,599.38,76720,74,148,-115.74485416746349,1202.707594114475,2086.601813489041,1274.60047201008,-0.7444871130150341,1.637063424430098,0.1233649283522314,-2383.314609527588,1782.1893692016602,494.4975476572238,1005.0614645722778,-1945.226073265076,1658.4771585464478,0,0,0.0001668404588112,2,-396.9078063964844,3081.0317993164062,1901.688902312548,754.1289470225308,93.92406940460204,2986.6211652755737,0,0,0.0001668404588112,2,-6.255056547663573,-1.0305468051896949,-4.614466725702773,0.796746388323192,-5.971712410258197,-2.175855295070112,0,0,0.0001668404588112,0,-6.217715370718319,-1.024394689647697,-4.586919473779558,0.7919900048052876,-5.936062729383464,-2.162865964444343,0,0,0.0001668404588112,0,-37.595196269686085,20.80741684240797,-0.0068343996333831,2.152250085326044,-5.299046891663432,5.112916464062978,0,0,0.0001668404588112,0,-12155.887076038807,15795.616917767387,0.0011720867238676,1073.2977843104254,-2721.92604302991,2733.0255657629746,0,0,0.0001668404588112,0,0.8691690220029274,3131.541403159136,1127.5282805081808,554.5619829737233,248.81736736352616,2553.124019529802,0,0,0.0001668404588112,0,-0.402936192943056,0.7177686670031678,-3.9058564359980816e-06,0.0657966122353032,-0.1690523792695372,0.1560004648477169,0,0,0.0001668404588112,0,5.193320681070622,0.8315065507464828,-0.4188174512120029,0.7539759898890602,0.0091298873585919,0.1621295370655922,-0.2571572549486812,0.4441397835171367,0,0,0.0001668404588112,0,-1.7642087074322332,2.305050443356208,0.0133451095377366,0.2721089392642683,-0.5926657519668134,0.9899778482139144,0,0,0.0001668404588112,0,-1.6989995239226818,3.2522066559854648,-0.0086537770079175,0.7604113593421197,-1.1485914739653065,2.335993578226593,0,0,0.0003336798041966,0,31.955800351753798,33.60831533736217,32.39137882865414,0.1843421815055903,32.09158062470915,32.90791871858206,0,0,0.0033368926855312,2,53.80080014041199,100.97462004648702,73.27198554715132,7.789058363032225,57.985889177043184,94.02458853068742,0,0,0.0016683906703593,2,3.431823357174204,3.4555396597250243,3.4423076053236694,0.0048115079236617,3.4348249040012897,3.4523661912637427,0,0,0.0001668404588112,0,603,61.10184321100804,6.910024820133041,88.99199799507112,0.0176016830879525,997.0,True,61.10172629667121,603,-0.8525,0.017152388697946,2.11956951686215,,0,2.99,Tilt-down,,True
datasets_subject_21_to_30_scidata/GDN0021/GDN0021_5_TiltDown.mat,GDN0021,TiltDown,2018-03-26_13-03-02,v5,42.54,2000.0,2000.0,1000.0,100.0,200.0,1273950,1273950,636.98,True,,636.98,636.98,636.96,636.98,81533,79,158,-3.7799766027724218,933.3462409994708,2471.9090971440305,2060.696450332657,-0.5940194425974354,1.1995503252043702,0.0968155300509938,-3084.6238136291504,2567.1792030334477,1426.2795258721198,1027.0051165977252,-1927.3716068267825,2475.086212158203,0,0,0.0001569920326543,2,-1468.1353569030762,3494.557857513428,-18.288612499347103,1164.8119460569624,-1326.1094284057615,3162.6516866683965,0,0,0.0001569920326543,2,-8.341806236863807,7.013849713628573,-5.871964862649029,1.8997470049580607,-7.707432351749336,3.471852509922942,0,0,0.0001569920326543,0,-8.292007668240137,6.971978724736897,-5.83691065054372,1.8884059741419847,-7.661420842013626,3.451126388917804,0,0,0.0001569920326543,0,-85.77027514605618,259.42551172770754,-0.013876938997425,2.5760280278222947,-5.518790970432173,4.814504499126634,0,0,0.0001569920326543,0,-115017.69842736158,101432.05943389802,0.0490468518820854,1077.682983862004,-2050.278049841808,2044.816679757628,0,0,0.0001569920326543,0,2.515164802748405,5164.775290109991,1378.5975865973082,714.839194101018,628.5269383992553,4288.140994862461,0,0,0.0001569920326543,0,-1.5695974144793785,1.4010006496725191,4.448664547081956e-06,0.0823680190832735,-0.1668196815194522,0.1404809453567766,0,0,0.0001569920326543,0,15.263986392977037,2.443928548939339,-0.5085129741030296,0.7735967185427564,0.0056432898172723,0.1679647012096722,-0.2934575732288527,0.4337092662082212,0,0,0.0001569920326543,0,-0.8086131716439227,0.9640115480821848,-0.0157121206109392,0.1982969125419658,-0.4298087075977566,0.5734006864854488,0,0,0.0001569920326543,0,-2.016591605638095,2.8605809733569103,-0.0061637248706544,0.5879154844168214,-0.9057776021497302,1.698928009296654,0,0,0.0003139830794518,0,29.740792204450656,34.42477623855909,30.15315473528621,0.5591025021487642,29.807258481426057,33.06794325165125,0,0,0.003139914594323,0,77.05995080427041,160.13489037516476,107.42937286320974,15.195691530569096,86.98539905278794,152.2520896847657,0,0,0.001569908003391,0,0.0228053110033738,3.4917422999194017,3.4375085008494617,0.1251973609304019,3.434986070874396,3.451683509287941,0,0,0.0001569920326543,0,744,71.1871652983896,9.501154280253376,29.53000601186408,0.0243337841624743,866.0,True,71.43646257896832,747,-0.155,0.0442805062949391,2.0898826771536227,,0,3.13,Tilt-down,,True
datasets_subject_21_to_30_scidata/GDN0022/GDN0022_5_TiltDown.mat,GDN0022,TiltDown,2018-03-27_12-16-38,v5,45.05,2000.0,2000.0,1000.0,100.0,200.0,1355450,1355450,677.73,True,,677.73,677.73,677.72,677.72,86749,84,168,259.82461254283123,1132.5976618291938,1268.42012455614,831.4944678791061,-0.969140637006405,1.525470311055106,0.259988495679832,-1599.8964309692385,1589.3783569335938,-53.15213053918359,564.2617886168741,-1028.100380897522,1306.3435029983525,0,0,0.0001475524733483,2,-271.85964584350586,2798.7451553344727,1051.1419195198175,712.3960390746263,-53.87230873107911,2549.3797731399536,0,0,0.0001475524733483,2,-10.711636526350016,1.6200775981618931,-2.0769672384684394,1.4112334357963563,-5.420211743076793,0.9023265148044608,0,0,0.0001475524733483,0,-10.64769064323037,1.6104061261620752,-2.064568245658356,1.4028087130083884,-5.387854387993476,0.8969398434298763,0,0,0.0001475524733483,0,-142.0164711509351,1151.092225182127,-0.0035860797205684,3.4827955512279365,-7.231598022501181,7.249275956951611,0,0,0.0001475524733483,0,-444001.6830246013,489875.025947808,0.0099696230707956,1920.343259165056,-4338.568603396745,4366.190402546775,0,0,0.0001475524733483,0,0.4332797856509621,1853.250079751822,853.3479998926193,312.564671166778,206.4853962959953,1676.3557394845716,0,0,0.0001475524733483,0,-3.3089734467413514,2.413386622053605,1.7262126385171549e-06,0.0946465354216674,-0.2094551653719224,0.1823275398527271,0,0,0.0001475524733483,0,12.258096769392443,1.962653259712215,-0.934245293654947,4.280912135963889,0.0097397714389531,0.2275342746593502,-0.3755172953806249,0.7790473268660549,0,0,0.0001475524733483,0,-1.4474390478649752,0.9655063604259644,-0.0103221925489211,0.1636097856377094,-0.6342899195235583,0.4291277964567213,0,0,0.0001475524733483,0,-2.414887118663762,3.81915895578823,-0.0057994029266432,0.4975751709769261,-0.8821659554259085,1.6234892009609203,0,0,0.0002951049466966,0,37.82398992170091,42.63233647340211,38.49792688899308,0.7320449954288228,37.92969910012955,41.686809584918095,0,0,0.0029510712388597,0,59.83860018513727,124.3727780175504,92.37462807323276,12.112005057870729,68.87827749295752,117.91870902815498,0,0,0.0014755356194298,0,0.0145745962444126,3.4757100897086906,3.4380871124397223,0.1124363590913338,3.4335940369642857,3.452932802980716,0,0,0.0001475524733483,0,634,57.05414313331573,8.73346371511659,151.69717346314948,0.2145414545290896,1076.5,True,57.21751000428602,637,-0.403,0.0223529832037342,1.2443715630953012,weak_radar_ecg_coupling,1,3.4,Tilt-down,,True
datasets_subject_21_to_30_scidata/GDN0023/GDN0023_5_TiltDown.mat,GDN0023,TiltDown,2018-03-28_12-33-49,v5,42.5,2000.0,2000.0,1000.0,100.0,200.0,1281650,1281650,640.83,True,,640.83,640.83,640.84,640.82,82026,80,159,-219.80083443230075,1121.1700896182515,1165.7830737903023,729.1646253571087,-1.115962963781205,1.598792691320372,0.1560050638317114,-1368.2656288146973,1326.1237144470217,-582.3986255958422,532.2039137463368,-1174.5081329345703,726.455979347229,0,0,0.0001560488432879,2,-266.8418884277344,2578.4053802490234,1230.3655018239267,648.4568499714294,-103.39952945709229,2290.8034324646,0,0,0.0001560488432879,2,-16.64489477242003,3.903746470563518,-13.572618436491656,2.654141935987065,-16.282929967055406,-1.564931052222848,0,0,0.0001560488432879,0,-16.545528770498876,3.8804420469190704,-13.491593182317605,2.638297349624927,-16.18572480760499,-1.5555887917839712,0,0,0.0001560488432879,0,-108.85314824680928,112.53484719659993,-0.0223769125706241,2.836440672668,-7.01904583892853,6.666053162430327,0,0,0.0001560488432879,0,-33084.16192717472,32456.69733252173,0.0117723268203351,1446.0835678007552,-3588.175562505652,3594.576008418097,0,0,0.0001560488432879,0,1.6053774442117767,1967.8232470306173,780.5934219680506,307.2640585262055,285.12297813657955,1577.3333651937337,0,0,0.0001560488432879,0,-2.1702775370802656,0.8257831344103875,-1.2549578220942207e-06,0.0869180653485517,-0.2292677451831891,0.1691044685782658,0,0,0.0001560488432879,0,20.425970817417948,3.2704178276428206,-0.4274943351837208,0.4693650840909592,0.0109071769598495,0.0922651326543284,-0.1709679779021117,0.2872556279699151,0,0,0.0001560488432879,0,-1.368317431902994,0.9385744525713464,-0.0081722976555078,0.1580533626959623,-0.3409132771423925,0.5213668499158276,0,0,0.0001560488432879,0,-2.011492207545817,4.029028834248896,-0.004904550529341,0.8501493085897858,-1.114852738143299,2.832010613584971,0,0,0.0003120976865758,0,35.65152899555195,41.52010100832098,36.48023036738238,0.7962312976190596,35.78096861325033,40.64412348035177,0,0,0.0031209038137444,0,72.81968145716468,148.15629871943568,90.16837499910768,11.159892737960057,76.35897071348285,128.04491941305673,0,0,0.0015605006085952,0,0.0271214415820561,3.473950360906969,3.43891596636186,0.1135493156477183,3.43630090316321,3.4520836366373406,0,0,0.0001560488432879,0,540,51.5367764641681,8.315076189977297,94.68961474873548,0.0770101642493381,1216.5,True,51.52994001902439,540,0.248,0.0670609428210629,2.516906244277016,,0,3.19,Tilt-down,,True
datasets_subject_21_to_30_scidata/GDN0025/GDN0025_5_TiltDown.mat,GDN0025_no02,TiltDown,2018-07-03_13-20-17,v5,42.56,2000.0,2000.0,1000.0,100.0,200.0,1281100,1281100,640.55,True,,640.55,640.55,640.56,640.56,81990,80,159,-491.0220395477984,1139.929241652341,2271.486029212666,1605.806839922585,-1.0670958094425538,1.4145449955376783,0.1732773919634326,-2951.7946243286133,1654.660701751709,683.3913638018378,954.3629767236296,-2466.9623708724976,1533.6799955368042,0,0,0.0001561158379517,2,-1579.1492462158203,3539.5054817199707,1094.992063408964,1074.0803649868574,-762.2673320770264,3378.6325788497925,0,0,0.0001561158379517,2,-18.72460533609576,7.427039802210007,-16.66060951702821,3.408027653048993,-18.54578785734094,-0.8243073448885081,0,0,0.0001561158379517,0,-18.61282396437557,7.382702168278086,-16.561149701876978,3.387682551025198,-18.43507398278312,-0.8193864291160917,0,0,0.0001561158379517,0,-66.49075350091528,76.7170303870239,-0.025581634753244,2.374625950337028,-6.211933340127234,5.547386577632674,0,0,0.0001561158379517,0,-33217.27299374007,18612.170090257077,-0.0034242145049885,788.8211375349869,-1891.161216725039,1884.780794167136,0,0,0.0001561158379517,0,21.32183580991882,3827.103995868514,1240.7196702716262,724.6185352253668,327.62927914847984,3423.0106079253856,0,0,0.0001561158379517,0,-1.3745805723708968,1.103910030938588,-9.144944645296968e-06,0.1034728975932892,-0.2056386774026692,0.2611923134785038,0,0,0.0001561158379517,0,25.99552613265365,4.162163593746496,-0.6558697198538358,1.4136714866747684,0.0123403408131428,0.3036192902328203,-0.3564998029704173,0.8417680835215785,0,0,0.0001561158379517,0,-1.7240488448368605,3.207303615695556,-0.0094793920949433,0.5862665683333644,-1.2291096395098209,1.5331505338634592,0,0,0.0001561158379517,0,-1.3249260446012818,0.8332932685334133,-0.0307565081595756,0.1537307336217999,-0.3111564038535993,0.3219820545958229,0,0,0.0003122307010203,0,31.87439799385644,36.177550556301554,32.398452606782364,0.5910902217449864,31.977868667583014,35.302754032354855,0,0,0.0031222680154864,0,80.73212313807241,134.37777546336463,101.00868581870505,8.09382069643354,86.22774233395737,123.89833782156738,0,0,0.0015611340077432,0,0.0205272148208185,3.4750967600363167,3.4411902630084144,0.1049264175108024,3.440371137709001,3.4507123173645806,0,0,0.0001561158379517,0,748,70.50866639944576,6.059963493683613,25.95698519529867,0.074155080910999,864.5,True,70.50797959223353,748,0.124,0.0499314430522981,5.175341947198532,,0,3.05,Tilt-down,,True
datasets_subject_21_to_30_scidata/GDN0026/GDN0026_3_TiltDown.mat,GDN0026,TiltDown,2018-05-17_13-03-29,v5,50.98,2000.0,2000.0,1000.0,100.0,200.0,1534600,1534600,767.3,True,,767.3,767.3,767.3,767.3,98214,95,190,-781.4917165140108,275.6802644925267,1909.7677308663897,951.28616169371,-1.028393031832063,2.00756387275324,0.1060978590112996,-2305.455684661865,1482.053279876709,-1475.1396615834897,739.3618365395322,-2189.70600605011,550.5119705200196,0,0,0.0001303271210738,2,-1774.1189002990725,2115.324020385742,265.4943062835608,975.7958151980528,-1497.2491312026978,1813.0245733261108,0,0,0.0001303271210738,3,-16.041220365169302,8.487571445837823,-14.04647371815278,1.862169538298269,-15.549181520672928,-4.791682966990555,0,0,0.0001303271210738,0,-15.94545815366742,8.436902694119999,-13.962619662386896,1.851052835882903,-15.45635666224152,-4.763077776905936,0,0,0.0001303271210738,0,-78.42133406141647,88.19185066342334,-0.0220837363348759,2.417719667428044,-5.770055884538306,5.635910367261368,0,0,0.0001303271210738,0,-27460.537720888155,27044.68462481443,-0.002259694182914,1195.534069026708,-3097.9333585229365,3096.51646229863,0,0,0.0001303271210738,0,2.298649882422629,3091.6866852954618,1098.0181632991112,541.469769566489,158.5962914949432,2418.6460220895788,0,0,0.0001303271210738,0,-1.11372730465271,0.967967663226192,-1.836184081744e-05,0.0655997201760364,-0.1437186658633748,0.1402323424010542,0,0,0.0001303271210738,0,24.382360847787417,3.903878464793787,-0.5195146560270637,1.531715615159552,0.0069620801059659,0.1373718065525512,-0.2278739317081506,0.3361107203085262,0,0,0.0001303271210738,0,-0.3426987447572712,1.2443718318895447,-0.0098799918001326,0.1528340391876914,-0.180792866959828,0.8175324629282273,0,0,0.0001303271210738,0,-2.62923933496882,3.838207896981359,0.0088919274167776,0.6730177990478826,-0.9601315257391536,2.054342258174147,0,0,0.0002606542421477,0,29.63205661938728,35.23775285919269,30.053857998645476,0.4614377739885724,29.70387058103855,32.72303859391945,0,0,0.0026065424214779,2,48.77908765258291,103.9951367876194,76.4422243244422,9.410299492502451,57.4141042193385,98.10736338163991,0,0,0.0013032712107389,0,0.0332063334108064,3.486204710041453,3.439233720143644,0.1084062511236621,3.4357346132314155,3.4520914701268093,0,0,0.0002606542421477,0,749,59.42606281121287,7.518817935093355,86.1613959066258,0.0374039081219263,1037.0,True,59.42742110624837,749,-1.5035,0.0271481055284681,1.5261596216442652,strong_iq_imbalance;large_sync_lag,2,3.63,Tilt-down,,True
datasets_subject_21_to_30_scidata/GDN0027/GDN0027_5_TiltDown.mat,GDN0027,TiltDown,2018-05-22_12-34-32,v5,44.36,2000.0,2000.0,1000.0,100.0,200.0,1330950,1330950,665.48,True,,665.48,665.48,665.48,665.48,85181,83,165,-273.00006444590645,503.63039312251647,3100.1141413657865,2287.0153818425733,-1.0823649040057868,1.3555283300578966,0.0802103404983982,-3353.8646697998047,2557.492733001709,-1733.6148556627927,1470.711307925297,-2924.5913457870483,2365.010871887207,0,0,0.0001502686051316,3,-3077.189445495605,3457.921504974365,499.9894874157449,1580.4724443265718,-2472.620506286621,3259.354724884033,0,0,0.0001502686051316,3,-21.85722360769825,3.627895848918551,-19.18702630921104,4.329975182914112,-21.632736968543156,1.0707904616425294,0,0,0.0001502686051316,0,-21.72674126144801,3.606238186865276,-19.072484395959588,4.304126276794448,-21.503594753313426,1.0643981011906614,0,0,0.0001502686051316,0,-49.20214728012115,53.14228262849028,-0.0321011888232384,1.904285752139786,-5.19110470051075,4.385954784397868,0,0,0.0001502686051316,0,-10678.195535385445,11457.525138849856,0.0098382666610859,666.3881440760524,-1768.254877469011,1762.1002727837683,0,0,0.0001502686051316,0,218.56383766654164,4402.461315154135,1941.2996120215844,944.5849431892252,854.4164995172823,4252.3885537141705,0,0,0.0001502686051316,0,-1.5564384025189577,1.637380701720297,-4.168016051515351e-05,0.0941894040232605,-0.2474885140405859,0.2307405567715287,0,0,0.0001502686051316,0,25.33297944831329,4.056082736808001,-1.2720198682788866,2.3049957816067823,0.0087876136356626,0.1460869622102296,-0.3606604493113553,0.4072380333430604,0,0,0.0001502686051316,0,-3.6901241462341017,3.498028875838589,-0.0083192104611671,0.4726073220187523,-1.5144388563348783,1.6740500279190522,0,0,0.0001502686051316,0,-10.304829468694162,9.057452653815018,-0.0012679743943185,0.5391442686419762,-0.9308157967418386,1.7626188659069408,125,0,0.0003005927689403,0,35.51608078169312,38.72802312306722,35.93192711937906,0.3794088697157377,35.597481821004486,37.57469375436632,0,0,0.0030053495221494,0,75.63670360080843,144.82642528652806,103.23076573924617,11.32826198596429,86.0505805036429,133.98357127411435,0,0,0.0015026747610747,2,0.0161873027619561,3.4770285414992697,3.4396810128978217,0.1204743162542501,3.43701611965692,3.453353086634632,0,0,0.0001502686051316,0,632,58.868648215959446,16.438839990227166,135.527989222226,0.1098464328836041,1086.5,True,56.35632739567745,614,-0.6975,0.0491551467800955,2.084171227306374,,0,3.7,Tilt-down,,True
datasets_subject_21_to_30_scidata/GDN0028/GDN0028_5_TiltDown.mat,GDN0028,TiltDown,2018-05-23_12-42-29,v5,42.28,2000.0,2000.0,1000.0,100.0,200.0,1274900,1274900,637.45,True,,637.45,637.45,637.44,637.46,81594,79,158,-608.9217815282383,317.72627450732534,1462.2448199560126,1007.0960238634036,-0.9411637431528056,1.451941806250585,0.2257157404441213,-2548.4519004821777,1609.994888305664,-157.0648485636728,698.0596709310504,-1870.4807424545288,854.3687152862549,0,0,0.0001568750490234,2,-1772.2163200378418,2437.6063346862798,640.5438252076588,721.0717481022939,-1162.874417304993,1854.473180770874,0,0,0.0001568750490234,3,-20.099221278266324,9.45868184466492,-16.07475494113587,3.976636916502749,-19.16380983365455,3.436617745877246,0,0,0.0001568750490234,0,-19.979233781351702,9.402215798396732,-15.978792536314328,3.952897354499649,-19.0494065171552,3.416101967903994,0,0,0.0001568750490234,0,-55.27817148681424,67.85994229603011,-0.0305838617857606,2.405876979273125,-6.30348427666579,5.615475157155298,0,0,0.0001568750490234,0,-11829.135059120366,9970.223367615952,-0.0272908565169295,1104.8415942232075,-2747.9679622635304,2743.350622956005,0,0,0.0001568750490234,0,118.42690697310589,2513.954801720322,921.3101101383754,398.0194103916009,334.2647669137255,2028.986662605226,0,0,0.0001568750490234,0,-1.2294478303412113,1.062288596329392,6.12937685124656e-06,0.0586615766133694,-0.1464991262855569,0.130687916274141,0,0,0.0001568750490234,0,29.381449579748438,4.704286389445878,-0.4549697391083943,0.8464745946142104,0.0096694216394588,0.0948244808630571,-0.1798027256948284,0.4318373743812008,0,0,0.0001568750490234,0,-1.374314754144738,2.246746822765402,0.0005781845334825,0.2514963624020017,-0.841037432730904,1.1120551360426336,0,0,0.0001568750490234,0,-12.049876752195424,9.618474544089189,0.0087318839409521,0.7313694738712594,-0.6830506156025467,1.940878211150636,2140,0,0.0003148059536101,0,35.654792632026336,38.42479644599632,36.05557345313352,0.3541176397502913,35.71035035741113,37.72449941733749,0,0,0.0031375502008032,0,43.42440236203223,110.56441032559056,68.5335189988145,10.415695139325468,50.72240782316428,95.9220163837324,0,0,0.0015687258808395,0,0.0134197333246424,3.462268759274941,3.415717554299283,0.3041179474814629,3.436098210768564,3.4522943063549243,0,0,0.0003137500980469,0,515,49.606857424655296,8.306289993044038,134.02219127408063,0.0471409892077725,1273.5,True,49.82192122831321,518,0.0465,0.0214550529876325,2.8058902448514567,,0,3.07,Tilt-down,,True
datasets_subject_21_to_30_scidata/GDN0029/GDN0029_5_TiltDown.mat,GDN0029,TiltDown,2018-05-24_10-21-53,v5,42.28,2000.0,2000.0,1000.0,100.0,200.0,1282100,1282100,641.05,True,,641.05,641.05,641.04,641.06,82054,80,159,-427.9041113770239,256.7578762349567,1362.548875310028,1009.5732683682886,-1.0301434855630511,1.349628519297299,0.0284904551664261,-1594.2797660827637,878.8089752197266,-1146.6050309516015,419.1936611893732,-1560.746202468872,438.6730861663819,0,0,0.0001559940722252,2,-1131.0992240905762,1639.9235725402832,831.7721363821432,743.3095694768939,-1032.2914218902588,1550.504207611084,0,0,0.0001559940722252,4,-16.373270841176073,15.091899569468818,-14.461122627094962,3.3719609136718898,-16.27897607954385,3.506770303382428,0,0,0.0001559940722252,0,-16.275526368525174,15.00180457384899,-14.374793217483615,3.351831121371782,-16.181794523846982,3.4858357315832524,0,0,0.0001559940722252,0,-69.74297231704236,94.29933243320352,-0.0262593948564997,2.0834229687303973,-4.845625232039147,4.496519712407125,0,0,0.0001559940722252,0,-12454.962211608188,10334.082627360243,0.0040713200311154,995.239791937901,-2379.054413510985,2386.3247664791134,0,0,0.0001559940722252,0,1.576927884551253,2417.6772033829848,734.4155827111665,434.5873830753652,340.90030357099243,2267.5904089940263,0,0,0.0001559940722252,0,-1.8241337963141655,1.9386502231256244,8.453310963202376e-06,0.0653742799559975,-0.1086043461777318,0.1196879349052688,0,0,0.0001559940722252,0,31.277330942374164,5.0078374060829765,-1.0400869014283205,0.7080995980804577,0.0056556714863951,0.1236680625539998,-0.3194266619219761,0.3020002212253118,0,0,0.0001559940722252,0,-2.3176337082842,1.9182455260900448,-0.0070142357561132,0.2775687707805486,-0.6780889189117554,0.9426783311886886,0,0,0.0001559940722252,0,-1.6502001158050728,3.5057587448905303,0.0100317675487066,0.6437929732181769,-1.081202041882161,2.020358751010969,0,0,0.0003119871710875,0,29.851688882709837,34.035154764022835,30.39279362730593,0.5795595208316006,29.933699474366712,33.513203077544546,0,0,0.0031199301135654,0,45.14021687905795,91.0770256540806,62.55457255117621,7.382988830762725,50.94827685388773,80.98210942264683,0,0,0.0015599163884815,0,0.0143438725224315,3.4523991672097,3.414019064238463,0.3159495064176366,3.439605673667168,3.4489169244666096,0,0,0.0002339911083378,0,643,60.9990773572539,8.18324925000524,78.26563831213296,0.0835348908313632,998.75,True,60.87132723270124,643,-1.054,0.0270222724006229,2.277040671413765,large_sync_lag,1,3.01,Tilt-down,,True
datasets_subject_21_to_30_scidata/GDN0030/GDN0030_5_TiltDown.mat,GDN0030,TiltDown,2018-05-24_15-44-39,v5,43.35,2000.0,2000.0,1000.0,100.0,200.0,1311650,1311650,655.83,True,,655.83,655.83,655.84,655.82,83946,81,162,-872.7184991190065,1073.138408774417,1256.658358243032,962.032243094788,-0.6701845762609349,1.306253888331698,0.1172829693604313,-2379.19282913208,447.6923942565918,-1453.5730502861095,333.3799555944594,-2046.288499832153,-222.7357339859005,0,0,0.0001524797011397,2,-284.2221260070801,2790.9178733825684,1965.8316673165675,378.0425323688113,146.7947769165039,2313.3943223953247,0,0,0.0001524797011397,3,-16.841386383613333,5.133428745250401,-15.38031664588535,3.0132479533437784,-16.694268637065015,-1.3617163674376505,0,0,0.0001524797011397,0,-16.740847374227588,5.102783415403807,-15.288499869974258,2.995259590784888,-16.5946078850961,-1.3535872495890306,0,0,0.0001524797011397,0,-94.67238125508948,90.82502150161554,-0.0212006074698673,2.585658262063878,-6.061587301386789,5.95025249762859,0,0,0.0001524797011397,0,-14900.24237839412,16187.458911033464,-0.0035272997810962,1478.336242990709,-3590.1775917678883,3595.5097884097804,0,0,0.0001524797011397,0,34.185818641866994,2506.9518050479,358.8794911453619,353.9263509647645,82.62367990625435,2031.6699194219264,0,0,0.0001524797011397,0,-1.3014286474327872,1.8649819846585596,-2.965480286090402e-05,0.0432748445245859,-0.0959600733563612,0.0924941341741389,0,0,0.0001524797011397,0,21.843630789631398,3.4974004512892285,-0.7579740844294297,1.1831881755766651,0.0160773541746366,0.3424763016883986,-0.4891668271031932,0.7492685216592738,0,0,0.0001524797011397,0,-1.5672084509918378,2.653964616503757,-0.0020355209635261,0.6620642317907205,-1.0010592574403727,1.5075844933024547,0,0,0.0001524797011397,0,-11.773834221262112,8.53180643662339,0.008564840791752,0.8352378355864775,-2.123633835505425,2.1699598810553207,48,0,0.0003049817239701,0,34.82030894990257,39.65478918127916,35.72019876345443,0.7427688528424332,34.978835394493736,38.83330990358273,0,0,0.0030495242742132,0,68.016824838496,123.00137789242832,89.98699168005548,10.293172798330716,73.54779555172205,116.0327551414311,0,0,0.0015248086365161,0,0.0221071980641877,3.4715755889635367,3.43993544153188,0.1029400955583889,3.439311842907713,3.4489934072470816,0,0,0.0001524797011397,0,636,59.23140738634408,7.721309367681482,77.74666194710774,0.0510044989170121,1042.5,True,59.40109672006778,640,0.837,0.0247592008547296,1.09019469202886,weak_radar_ecg_coupling,1,3.39,Tilt-down,,True
datasets_subject_01_to_10_scidata/GDN0006/GDN0006_5_TiltDown.mat,GND0006,TiltDown,2018-02-16_13-44-40,v5,44.23,2000.0,2000.0,1000.0,100.0,200.0,1331450,1331450,665.73,True,,665.73,665.73,665.72,665.72,85213,83,165,1438.8516026305897,988.3836680229932,2363.721694057087,1874.0531066565736,0.4076577723909245,1.2612885332124404,0.1037701794625892,-1331.7289352416992,3941.505908966065,3338.9209761947795,694.7877742530127,-180.21058559417727,3841.3408041000366,0,0,0.0001502121746967,2,-1593.5673713684082,3394.256114959717,1107.762795663219,854.309186404257,-398.67374420166016,3013.863229751587,0,0,0.0001502121746967,2,-2.575448091449412,12.18872320391876,-0.2817140959055588,0.975631539666415,-1.218766778630041,3.7323163086412015,0,0,0.0001502121746967,0,-2.560073288333995,12.115959470061828,-0.2800323307891249,0.9698072549971324,-1.2114910353031767,3.710035281661727,0,0,0.0001502121746967,0,-206.40722717268687,240.02697657514776,-0.0043951805118013,3.2077636309003115,-6.491844202840021,6.45870355434391,0,0,0.0001502121746967,0,-91148.3577521556,99766.35220234876,-0.0311934102813018,1738.2199840171045,-3737.138130657488,3725.176397679846,0,0,0.0001502121746967,0,48.227148741628255,4670.844647012685,890.7437914231324,647.4177440164138,306.6937061910483,3918.624143836798,0,0,0.0001502121746967,0,-1.1219326844769968,1.4018997178359895,-1.6162229846478e-05,0.0645405148290436,-0.1273040779605435,0.1225151087191651,0,0,0.0001502121746967,0,14.676032758395824,2.349790842313316,-0.1773388742753007,0.5844920439812642,0.0062006688021013,0.0738203004358584,-0.0841365079111045,0.3629043757270621,0,0,0.0001502121746967,0,-0.4887662958613409,1.2518045862878169,-0.0064451054153118,0.2237939117085332,-0.377640726907199,0.494260825914641,0,0,0.0001502121746967,0,-3.0278662510431404,2.899908461752356,-0.0006402125631614,0.6649426145227534,-0.9289662065416456,2.144374729369812,0,0,0.0003004243493935,0,29.18337068242469,34.8129023712844,29.71004981137545,0.7553510939924724,29.24565828952497,33.762425920996456,0,0,0.003004266057802,0,56.74198402265864,102.3272747865833,78.76781263470538,9.851559774319709,62.1938596053766,98.64688094536616,0,0,0.001502133028901,0,0.037556782520591,3.50349883733061,3.4456938607379164,0.1068591794850801,3.446356520809941,3.4522996456171926,0,0,0.0001502121746967,0,626,56.93024210065937,3.2790292194623625,23.45479506573363,0.1453303881710828,1067.0,True,57.44034506673204,633,1.9685,0.0211283239006462,1.833891347107243,large_sync_lag,1,3.15,Tilt-down,,True
datasets_subject_01_to_10_scidata/GDN0001/GDN0001_3_TiltUp.mat,GDN0001,TiltUp,2018-02-06_11-20-55,v5,6.5,2000.0,2000.0,1000.0,100.0,200.0,196300,196300,98.15,True,,98.15,98.15,98.15,98.15,12563,12,23,873.8685291666472,-409.1601257536698,1451.3814717602197,1017.1131810440436,0.6327965232728392,1.426961619227478,0.3375870226728892,-830.6937217712402,2639.641284942627,1242.0497967938168,790.1256675972993,-728.602180480957,2404.6380233764653,0,0,0.0010188487009679,2,-1883.042335510254,1355.008602142334,-496.597710773159,680.8857211849127,-1792.5894689559937,996.469221115113,0,0,0.0010188487009679,2,-16.699909506167145,2.1784279363796677,-6.392155230951879,3.3806881372678927,-16.482448857332837,1.2905217516327852,0,0,0.0010188487009679,0,-16.600215079572003,2.165423247706593,-6.353995607977783,3.3605062455506074,-16.384052618292813,1.2828176484464726,0,0,0.0010188487009679,0,-1922.3661694735365,1658.0011480067176,-0.0990440512585963,14.925097969446592,-17.1561295798176,16.89889718315348,0,0,0.0010188487009679,0,-1195254.0739602,1275586.2085400063,0.0414201792762676,9315.973037682685,-9274.27165664537,9344.272894164678,0,0,0.0010188487009679,0,4.159637337611421,2141.131613085486,963.2938502776884,399.9611155184492,218.7930623687672,2090.2695492073044,0,0,0.0010188487009679,0,-2.1892563387662167,1.5655096707801883,0.0002053707504499,0.2193768623064414,-0.6629040432290195,0.641410234488176,0,0,0.0010188487009679,0,18.765638327278594,3.004580721338135,-0.5069669403343561,0.2335310961996247,0.0073065098171366,0.0927025644935952,-0.3546395209086118,0.1647802226666849,0,0,0.0010188487009679,0,-0.6778772172807852,1.2312704370732803,-0.0067690499244472,0.222636954203332,-0.4878113355108084,0.980336840024591,0,0,0.0010188487009679,0,-3.0012559300531576,2.0112823707755725,-0.0139413830860485,0.7221810988313214,-1.5980355175955097,1.541292767535168,0,0,0.0020376974019358,0,28.18014179121153,30.456731214528883,28.89946707889166,0.5048878330594981,28.2089563308073,30.179656068756515,0,0,0.0203769740193581,0,71.16478567924102,137.02573196957314,92.68910253331524,12.722021737768769,73.51444430964035,128.48806910965197,0,0,0.010188487009679,0,3.4455947869577983,3.4560468388165724,3.450632097462885,0.0012389449431184,3.448318181593301,3.4534483287912905,0,0,0.0010188487009679,0,178,113.33343017274728,9.722608317581232,57.90230688717974,0.1558846453624318,524.25,True,113.32474758672728,185,-1.55,0.0526509559533236,1.316520435883181,large_sync_lag,1,0.75,Tilt-up,,True
datasets_subject_01_to_10_scidata/GDN0002/GDN0002_3_TiltUp.mat,GDN0002,TiltUp,2018-02-06_15-56-50,v5,38.88,2000.0,2000.0,1000.0,100.0,200.0,1178000,1178000,589.0,True,,589.0,589.0,589.0,589.0,75392,73,146,-136.40858205366555,269.60330500998805,2460.306935644518,824.7320215197609,-0.1404473443914806,2.983159221962583,0.2963600130649473,-2231.4605712890625,2995.180606842041,330.0443747727697,1086.9447926070611,-1950.417141914368,2434.4840383529663,0,0,0.0001697792869269,2,-1643.510341644287,2539.58797454834,247.7092837862329,642.1999571017355,-1048.0652904510498,1727.007884979248,0,0,0.0001697792869269,2,-3.69920850067814,114.39983557677274,20.582118724880743,29.860917573531555,0.0210280365072257,107.73568704610014,0,0,0.0001697792869269,0,-3.677125119316415,113.71689618682016,20.45924844683328,29.682655107258984,0.0209025042077102,107.0925310134325,0,0,0.0001697792869269,0,-1195.1021560191475,1820.5735992326045,0.1940690656293149,12.207829544134546,-21.993507286348127,26.8104799138191,0,0,0.0001697792869269,0,-1048623.681845137,826685.0205860101,-0.0446532938316434,5771.267130731967,-9965.92544690207,9936.818629977775,0,0,0.0001697792869269,0,24.595521705424236,2690.7611190198536,1141.705150493238,538.8683664999207,280.3369919433842,2451.8247441472777,0,0,0.0001697792869269,0,-2.3000791583144338,1.8907086021375448,-5.761424000658327e-05,0.3855614967928836,-0.9568368382461132,1.0661167647841967,0,0,0.0001697792869269,0,117.39402130613657,18.796046639353936,-0.3758298247617503,0.3799064608983699,0.0017524735324942,0.0687922483788086,-0.1602324041560152,0.2325132271124219,0,0,0.0001697792869269,0,-0.5963587045001887,1.1303998616292952,-0.0103436730238091,0.1387457978933836,-0.2735653288710538,0.5915265303217425,0,0,0.0001697792869269,0,-2.843615256803341,3.370935320878855,-0.0095702879569534,0.719424492301442,-1.6150483359527903,1.829658027525986,0,0,0.0003395585738539,0,28.08117684937456,29.93368735828925,29.187105810963168,0.25264582011405,28.66023412393452,29.677898374603377,0,0,0.0033955857385398,0,73.06979586056559,104.20406000861736,85.31111748083917,5.566821683847166,76.55906113483293,99.28887744640238,0,0,0.0016977928692699,0,3.445651710523342,3.456414424373979,3.450760535151709,0.0012011104198678,3.448672884981402,3.453455236796532,0,0,0.0001697792869269,0,688,70.27554760183104,3.7557726902758266,29.278645239412864,0.1087437255889011,857.0,True,70.27699547668165,688,0.93,0.0232547508707099,1.0312912114240635,strong_iq_imbalance;weak_radar_ecg_coupling,2,2.76,Tilt-up,,True
datasets_subject_01_to_10_scidata/GDN0003/GDN0003_3_TiltUp.mat,GDN0003,TiltUp,2018-02-07_17-34-10,v5,50.57,2000.0,2000.0,1000.0,100.0,200.0,1537400,1537400,768.7,True,,768.7,768.7,768.7,768.7,98394,96,191,45.440740797830856,-235.81671958279608,1853.9282074493708,1686.0564229765928,0.0428532383769173,1.0995647489521223,0.6213949795860865,-2226.27592086792,2856.1367988586426,107.60102719995125,921.8198919079734,-2093.0085849761963,2238.6073017120366,0,0,0.0001300897619357,2,-2499.88317489624,2509.065628051758,225.15818887217796,844.1984196624239,-2183.913788795471,2046.2036609649656,0,0,0.0001300897619357,2,-12.329974791433022,24.676238171776134,9.222012382782257,7.634417915893899,-11.160217549132463,20.6363078864607,0,0,0.0001300897619357,0,-12.256367819711976,24.52892698939207,9.166959196044008,7.588842284706695,-11.093593745642575,20.51311411220571,0,0,0.0001300897619357,0,-1210.0239227441475,1001.1955064708292,-0.0146746325901518,6.9405437612350935,-15.611045641456542,15.443319035261508,0,0,0.0001300897619357,0,-704110.672209352,724680.0570075298,-0.0203215432906971,4361.734011616929,-9809.018009977251,9827.33845075265,0,0,0.0001300897619357,0,0.6350097473365534,2805.421717991296,1047.6128096566847,681.8579660904364,186.89054549063857,2623.8880356388045,0,0,0.0001300897619357,0,-1.983209572369352,2.7229583719577786,1.811306162130368e-06,0.1007966935796778,-0.284955256101363,0.2817961867491897,0,0,0.0001300897619357,0,36.785294809104045,5.889721718206113,-1.0700052377810123,0.5759802531646983,0.0069137207552204,0.0862274657997395,-0.1833201251577157,0.366966292593778,0,0,0.0001300897619357,0,-1.1875687224729592,2.575205694898424,-0.0118485761766678,0.320817773744509,-0.3114428736566013,1.799284864262915,0,0,0.0001300897619357,0,-3.735744964148189,3.790642040060929,-0.0112987418836373,0.507954852479263,-0.7918551280163253,1.4068297115875656,0,0,0.0002601795238714,0,22.565416852324702,25.623783925222394,24.474811234471307,0.5217010325236444,22.64884653028214,25.328457034340115,0,0,0.0026017952387147,0,84.1334572325201,161.2040193435763,109.8194643045325,13.130649646322231,88.80711870169198,146.156564908823,0,0,0.0013008976193573,0,0.0269081041186424,3.4723450724403,3.447834501172916,0.1013998313832211,3.448891227141608,3.453405237032608,0,0,0.0001300897619357,0,1007,80.27889715997473,11.577656453501858,56.81820971505421,0.072850314069412,748.75,True,80.27170952259367,1007,0.093,0.0266320022505815,1.1395623024182755,weak_radar_ecg_coupling,1,3.54,Tilt-up,,True
datasets_subject_01_to_10_scidata/GDN0004/GDN0004_4_TiltUp.mat,GDN0004,TiltUp,2018-02-09_17-02-58,v5,45.91,2000.0,2000.0,1000.0,100.0,200.0,1395200,1395200,697.6,True,,697.6,697.6,697.6,697.6,89293,87,173,409.7251012822081,253.9828048714919,804.2726685665936,654.6554777953814,0.0588551434707604,1.2285434031271885,0.6279271758168141,-914.8502349853516,1897.559642791748,238.28016405224523,361.6325814460849,-619.0781927108765,1301.2916183471682,0,0,0.0001433486238532,2,-1234.973430633545,1478.2581329345703,427.0985051042853,314.1473122499139,-430.6512117385864,1149.151906967163,0,0,0.0001433486238532,2,-5.433846576133127,314.5999076390769,151.9507021616075,109.854922906105,-4.12595085259195,311.13249115763574,0,0,0.0001433486238532,0,-5.401407824389381,312.7218221687706,151.04359316696673,109.19911554716488,-4.101319922450862,309.27510532631584,0,0,0.0001433486238532,0,-3716.772236169185,4110.112954759621,0.4445576343456782,25.18322779679089,-48.8620106539347,51.9795526148249,0,0,0.0001433486238532,0,-1923430.3619375564,1703672.311285155,0.0754770814852461,15853.537136595452,-32385.10891568576,32641.340741247543,0,0,0.0001433486238532,0,1.0852641041623412,1762.2219391106353,413.0592152571457,242.58759747430489,64.33650268949172,1185.0624632620145,0,0,0.0001433486238532,0,-4.574314927354665,4.851610540710277,-2.6328715932681655e-05,0.262476899378308,-0.7693455147472162,0.7960797555076778,0,0,0.0001433486238532,0,318.12322999315995,50.934953939607375,-0.2927301580946237,0.204292727429017,0.0070905131226068,0.0489459421249937,-0.1653714976240026,0.1132444836490461,0,0,0.0001433486238532,0,-3.09271799358702,6.825897726386446,0.0338006211721877,0.569417768764203,-1.7243303091791942,1.6364386891015814,0,0,0.0001433486238532,0,-2.513284312898334,3.4493146554425045,-0.0153542329468448,0.6135916692486619,-1.2186292049232692,1.6831524879732134,0,0,0.0002866972477064,0,40.569481192152566,46.35731686989353,44.16768998729081,1.0665127786328112,40.9586517563114,45.592042556083285,0,0,0.0028669724770642,0,82.025192680466,147.46434234967583,109.94176256760946,10.655995538851167,88.27885811448859,136.91306055582618,0,0,0.0014334862385321,0,0.0449286261105881,3.488271826550843,3.441433013469585,0.1697178081701802,3.447504805978653,3.4528628025806225,0,0,0.0001433486238532,0,965,85.46501816562248,5.833333443550897,39.67524746622604,0.1118836811092898,698.0,True,85.58825915400801,991,1.2245,0.0205246461546645,1.117786439979932,large_sync_lag;weak_radar_ecg_coupling,2,3.37,Tilt-up,,True
datasets_subject_01_to_10_scidata/GDN0005/GDN0005_4_TiltUp.mat,GDN0005,TiltUp,2018-02-16_10-45-17,v5,29.65,2000.0,2000.0,1000.0,100.0,200.0,896150,896150,448.07,True,,448.07,448.07,448.08,448.08,57354,56,111,,,,,,,,-3341.3515090942383,3737.073421478272,434.4153172157176,905.0601905616624,-1690.766224861145,2355.1501703262334,0,0,0.0002231769235061,2,-1916.459083557129,3912.001132965088,1162.903478686075,661.2319943535167,-707.7961540222168,2563.3549785614014,0,0,0.0002231769235061,2,-1.3858981986682473,23.715834247817988,12.575326981196431,3.671090044524456,0.1118655795415971,20.058398558029644,0,0,0.0002231769235061,0,-1.3776247211272792,23.57425644491501,12.500255316156943,3.649174523555146,0.1111977690481322,19.93865476289584,0,0,0.0002231769235061,0,-3360.678441315308,3713.374661848301,0.02140481559877,13.689176408676804,-17.429931984339007,17.171562262397558,0,0,0.0002231769235061,0,-1564873.0059308745,1584422.2464038697,-0.0314873302104578,7260.379965346384,-10650.77863379493,10691.166718130238,0,0,0.0002231769235061,0,0.2483248023198188,4155.438464105981,977.220721664354,549.0003279106863,140.3764576720455,2874.0939127341044,0,0,0.0002231769235061,0,-2.337680070293407,4.059900784921844,-1.8128760113821105e-05,0.1459915574803941,-0.4003784252344597,0.4631839153337183,0,0,0.0002231769235061,0,24.95188116604229,3.9950647990285,-0.7882070027544752,1.661553681445989,0.0137456945125021,0.1212011613807204,-0.3315475088749387,0.3830051936276885,0,0,0.0002231769235061,0,-0.6906702975965809,1.938542553540991,0.0020294772094573,0.2058145613763493,-0.3098064625758409,1.0106065821526418,0,0,0.0002231769235061,0,-4.447749875673444,3.55842403532491,-0.0194160424793905,0.631540136491224,-1.264746149763592,1.6255463918796662,0,0,0.0004463538470122,0,41.29545747200964,47.13935223846045,44.293391056324914,0.8814042153772451,41.46797549265438,46.71509933888691,0,0,0.0044634886627387,2,66.4476294989588,149.25502653843262,105.86171923225383,13.064940928548005,68.55016247589182,139.14415149279475,0,0,0.0022317443313693,0,0.0396481915888543,3.48882523882222,3.4417646147525365,0.1646157885102653,3.4472343748171115,3.452842803681628,0,0,0.0002231769235061,0,691,93.94458422893123,11.760526093171269,73.92525435492966,0.0932880581242628,637.5,True,93.84744046133471,691,1.0075,0.0313459207004067,1.1480193359327084,large_sync_lag;weak_radar_ecg_coupling,2,2.13,Tilt-up,,True
datasets_subject_01_to_10_scidata/GDN0007/GDN0007_4_TiltUp.mat,GDN0007,TiltUp,2018-02-19_10-11-39,v5,41.97,2000.0,2000.0,1000.0,100.0,200.0,1269850,1269850,634.92,True,,634.92,634.92,634.92,634.92,81270,79,157,1578.8691568242637,1017.5155167368588,1544.0383636617207,1341.2892021257867,1.2625745195653302,1.1511599148152392,0.5339885182661803,-1658.7228775024414,3886.058807373047,1580.938922102378,776.5885700543699,-156.55362606048584,3228.7033319473267,0,0,0.0001574989171949,2,-2153.770446777344,3798.2177734375,1197.1814325784526,805.3975121017248,-633.468804359436,2800.703115463257,0,0,0.0001574989171949,2,-11.053863734802208,31.123421645773515,0.9785768541491802,8.36871503050049,-8.61374332150462,26.781868192749204,0,0,0.0001574989171949,0,-10.987874837898609,30.93762233509411,0.9727349866637516,8.31875582287749,-8.562321354160543,26.621986907665782,0,0,0.0001574989171949,0,-2216.0582206993067,3544.2280187423785,0.0296798425467734,16.990101158552974,-21.873323194384074,21.36885588590617,0,0,0.0001574989171949,0,-1666029.0794712212,1670969.946953805,0.0082767633316226,10452.70688924083,-13428.927011084392,13468.752700177543,0,0,0.0001574989171949,0,2.087515011829713,3442.3734610618426,1009.341020787911,482.68588480869954,110.39722887047962,2325.207649956192,0,0,0.0001574989171949,0,-6.697658370729134,6.878496720025882,-6.577535404451033e-06,0.225101912015835,-0.5426267389399506,0.5505373045349955,0,0,0.0001574989171949,0,41.92549717299272,6.712723454516159,-0.3284737658623511,0.3056192490880705,0.0033360438711685,0.0643093671933338,-0.1587810912792336,0.1806277504797143,0,0,0.0001574989171949,0,-0.6939515578662939,1.4830468165460462,-0.016947490241656,0.2197457403494544,-0.3413055329255632,0.9597250726906872,0,0,0.0001574989171949,0,-3.649027321299041,3.421184489609185,-0.0141553573423861,0.5445804522465229,-0.9663371410669608,1.520186634605687,0,0,0.0003149978343898,0,26.27681854044611,31.589525697405428,28.73148491760335,0.5433809344398296,26.604711088909973,30.078656524817188,0,0,0.0031500031500031,2,35.09623184316563,143.3979623120065,91.64573634996908,13.425511401212535,54.50491259962321,120.44919374384054,0,0,0.0015750015750015,0,0.0200110340390362,3.475435891943846,3.43728612410184,0.2060580937283726,3.447475656699277,3.452704611736616,0,0,0.0001574989171949,0,744,76.42336029191856,8.650313053924894,91.6301287935218,0.146080360735804,781.0,True,75.70502384625449,793,1.271,0.0226546470588506,0.887444296212482,large_sync_lag;weak_radar_ecg_coupling,2,3.07,Tilt-up,,True
datasets_subject_01_to_10_scidata/GDN0008/GDN0008_4_TiltUp.mat,GDN0008,TiltUp,2018-02-19_12-25-26,v5,46.85,2000.0,2000.0,1000.0,100.0,200.0,1413900,1413900,706.95,True,,706.95,706.95,706.96,706.96,90490,88,175,1685.1398653094143,1360.5997055376993,1557.1360592489984,1114.97106704387,0.0810019965832635,1.396570821678309,0.3281206434695902,-792.3455238342285,3734.128952026367,1627.3393516842702,849.4911023025295,-0.3886413574218754,3453.224835395813,0,0,0.0001414527194285,2,-727.9901504516602,3231.4038276672363,811.5214241528175,651.9830671454472,-271.0628843307495,2586.8247079849248,0,0,0.0001414527194285,2,-1.8736328710021692,20.300819637926544,9.359295917254435,4.292258160416825,-1.3157782151025754,15.89457687207023,0,0,0.0001414527194285,0,-1.862447735259045,20.179628647492308,9.303423180970425,4.26663441581252,-1.3079233369289789,15.799690086806615,0,0,0.0001414527194285,0,-42.093496668230685,57.02991215106216,0.0158690410290914,4.311302583581047,-11.419298820330914,11.317649036141924,0,0,0.0001414527194285,0,-31383.27611315437,27585.78377496446,-0.0207246123629411,2547.832177295059,-6727.612729750804,6740.953221896887,0,0,0.0001414527194285,0,78.87847965700959,2515.0217010652077,959.702059881618,475.0673731109406,168.36932338427667,2241.706508628282,0,0,0.0001414527194285,0,-0.7922109167919097,1.1217988936925478,-6.444258523613764e-06,0.0677085005908321,-0.1907475702692715,0.1820742487649951,0,0,0.0001414527194285,0,22.042076382751357,3.529173727152485,-0.878305194414192,0.6273998811983393,0.0079499267736572,0.1467676677426776,-0.3338916312572295,0.3413927676491688,0,0,0.0001414527194285,0,-1.1041735396834664,2.7944662176365056,-0.0111567087022266,0.3565140002277042,-0.6344174729205521,2.034246065854167,0,0,0.0001414527194285,0,-2.041908258937797,2.64782346255701,-0.0129438639492469,0.4357887332952556,-0.9270513563724294,1.2088859149566495,0,0,0.0002829046385044,0,21.52228746583588,25.491379747164803,23.697864678785468,0.7948110251757854,21.61024764227496,24.910666052516262,0,0,0.002829014371393,0,55.61923002756726,117.4963381986295,85.07273938231504,8.54413475232736,66.0170262483021,106.4345931372218,0,0,0.0014145071856965,0,0.0214877838443864,3.4608997090046296,3.439120095650425,0.1868955200757466,3.446958533552249,3.4522183362678427,0,0,0.0001414527194285,0,1067,93.37859473875628,14.391563087109066,46.12681777041293,0.0278662054361733,616.5,True,93.11935964202306,1064,1.798,-0.0096677381716272,1.229277435051752,large_sync_lag;weak_radar_ecg_coupling,2,3.47,Tilt-up,,True
datasets_subject_01_to_10_scidata/GDN0009/GDN0009_4_TiltUp.mat,GDN0009,TiltUp,2018-02-19_15-36-22,v5,42.24,2000.0,2000.0,1000.0,100.0,200.0,1283800,1283800,641.9,True,,641.9,641.9,641.92,641.9,82163,80,159,899.4399983843105,468.8739601310156,2675.323436118807,1495.364129930352,1.1694480711949184,1.789078246944049,0.4041750012293457,-2489.2921447753906,3905.8079719543457,-137.60995197229286,614.0504191560696,-1149.7446250915527,2175.4438686370886,0,0,0.000155787505842,2,-2605.0100326538086,3778.125286102295,1085.8153515345657,620.634599358964,-1596.5614461898804,2097.9840755462646,0,0,0.000155787505842,2,-4.464182569042185,195.6785991960288,90.22639648409444,50.78031047636777,0.1154518759053207,190.15091176369435,0,0,0.000155787505842,0,-4.437532477239452,194.51044521671625,89.68776668745362,50.47716428665965,0.1147626560886825,189.01575674337371,0,0,0.000155787505842,0,-1575.633759703549,2529.1715438720385,0.2902852704799409,8.646264542399903,-14.163144943432629,19.07700938722218,0,0,0.000155787505842,0,-1584942.6764192537,1022626.4171838128,-0.0035499169883522,4760.95518713403,-8258.503403909299,8269.43850350878,0,0,0.000155787505842,0,40.85597650947032,4058.26162472444,658.6513617903298,573.0825479797405,179.69357167278488,3412.756489073669,0,0,0.000155787505842,0,-1.95673000061475,4.478028840888108,6.314345359248307e-06,0.2391401143095311,-0.9227787508689326,0.7857324915866544,0,0,0.000155787505842,0,198.9479776939557,31.8537130420735,-0.7503586063424906,1.6859238008768909,0.0084686404299005,0.1793049750585288,-0.3304020809301676,0.6518730779684256,0,0,0.000155787505842,0,-1.6988825342393707,2.3908709824095964,-0.0201336798478747,0.316719783983533,-0.8125135392193655,1.238940556675999,0,0,0.000155787505842,0,-4.908950652586746,5.271904147522563,-0.0131487128439222,0.4431071369283677,-0.9018282896536612,1.2440975905845009,0,0,0.000311575011684,0,16.532433745868005,20.16087866222841,18.8639357437212,0.5495112898866662,16.668528562730398,19.95418368709443,0,0,0.0031156530408773,2,4.283030484478023,195.7052716341108,97.64267933399904,17.622377755396123,24.998908138675453,174.9766249965017,0,0,0.0015578750584203,0,0.0381523177168547,3.487008537907261,3.428438437921371,0.2671240877510207,3.4471767570326803,3.4521049658533904,0,0,0.000155787505842,0,848,81.31841459132595,10.670483596114895,70.75167800765114,0.0357532604403025,746.0,True,81.31113390674614,855,0.93,0.0156832803205671,0.8545061639209109,weak_radar_ecg_coupling,1,3.3,Tilt-up,,True
datasets_subject_01_to_10_scidata/GDN0010/GDN0010_4_TiltUp.mat,GDN0010,TiltUp,2018-02-20_10-25-21,v5,42.58,2000.0,2000.0,1000.0,100.0,200.0,1285800,1285800,642.9,True,,642.9,642.9,642.92,642.9,82291,80,159,540.3667167895657,974.3432583382436,1373.4387743777363,1193.247971334895,0.3314975811436698,1.151008681658399,0.4478039424950787,-1795.3152656555176,2290.1644706726074,327.55504675166645,739.1071295840172,-1155.9666013717651,1925.52282333374,0,0,0.0001555451858764,2,-813.8256072998047,3431.8108558654785,1384.1541456857278,666.0034248673064,-250.49784660339355,2681.160011291504,0,0,0.0001555451858764,2,0.3780060804317429,22.78506556873416,15.116839364597466,3.413015072004554,0.7382832759467237,21.06595941137037,0,0,0.0001555451858764,0,0.375749475422943,22.64904423005751,15.026595484423886,3.3926401962940926,0.733875903090415,20.94020072127582,0,0,0.0001555451858764,0,-104.1042121985065,88.9137987422464,0.0208475190869112,4.436895511724012,-12.164106367467994,12.33280665318797,0,0,0.0001555451858764,0,-75439.05027618841,65266.42763777054,-0.0170315228708587,2716.207459097749,-7535.657047746898,7512.882261732108,0,0,0.0001555451858764,0,0.0298708091517771,2411.833291825474,884.5448666310991,455.434177300605,153.51222374769773,1925.102858628676,0,0,0.0001555451858764,0,-1.0828436229574443,1.7226220396645533,-7.399401964278013e-06,0.0845994558693733,-0.2133096526961086,0.2051464788125424,0,0,0.0001555451858764,0,22.273294754634566,3.5661942777174844,-2.1485927915990497,2.581217391546496,0.0050412866026464,0.523090292012518,-0.8911721582661974,1.4939015070761348,0,0,0.0001555451858764,0,-3.986442599922558,5.452054516412234,-0.0388528733590726,1.73250742693717,-2.709572723851532,3.632126243140667,0,0,0.0001555451858764,0,-2.7736636758304294,2.9860766224809367,-0.0198611934891576,0.5052519945929297,-0.9543784875149244,1.466226676216524,0,0,0.0003110903717529,0,24.228362223011526,29.28242662709988,27.76066231369889,0.6738969867711656,24.576076053913177,28.702309572798967,0,0,0.003110806943321,2,74.0146717549705,132.76323799951803,93.59180561284272,8.80599725726313,79.04407733378918,118.6745219154782,0,0,0.0015554518587649,0,0.0232451095690979,3.4574909334178003,3.4332939784518057,0.2410353602106931,3.447914757188697,3.453616366920969,0,0,0.0003110903717529,0,709,67.16261337625328,7.859223271021589,42.48224523056978,0.0857054640733116,895.0,True,67.15591379239746,709,-1.922,0.0063039177047249,0.9777400563763536,large_sync_lag;weak_radar_ecg_coupling,2,3.04,Tilt-up,,True
datasets_subject_11_to_20_scidata/GDN0011/GDN0011_4_TiltUp.mat,GDN0011,TiltUp,2018-02-20_12-28-18,v5,42.14,2000.0,2000.0,1000.0,100.0,200.0,1266850,1266850,633.42,True,,633.42,633.42,633.44,633.42,81078,79,157,328.3202518019352,903.3053867307935,1948.14234597152,1594.580226062485,-1.2901041006800114,1.2217273951666203,0.5074254219841666,-2839.7812843322754,3531.9418907165527,-88.24786071944463,925.3922318827192,-1888.198628425598,2323.465609550476,0,0,0.0001578718869637,2,-2397.9716300964355,3934.340953826904,719.1993383904511,1036.142492163504,-1337.5781345367432,3188.555788993836,0,0,0.0001578718869637,2,-3.879273359826819,16.04454427493144,-0.7828196624336451,1.8789972798908032,-3.4067340993356603,5.074743623159464,0,0,0.0001578718869637,0,-3.8561150347430257,15.948762220491025,-0.7781464181058897,1.8677801199221595,-3.3863967195151305,5.044448629318844,0,0,0.0001578718869637,0,-92.98812184722829,79.5968260749396,0.0014484344981364,4.054726938915482,-9.942966113235164,9.973483948547054,0,0,0.0001578718869637,0,-35931.01751626523,31309.639781199963,-0.0050423622095753,2031.604753353407,-5391.384203015284,5390.490567699239,0,0,0.0001578718869637,0,0.6910864857951589,3774.994948621656,1260.891442820565,583.1764881384979,282.7795199914028,2872.2799727159354,0,0,0.0001578718869637,0,-2.6496144521175204,4.15690430509877,1.990181289000156e-05,0.1768866569358123,-0.3782717394725677,0.3821891904175748,0,0,0.0001578718869637,0,19.80487725523405,3.170974061833252,-0.5460888047869512,0.4921089382873337,0.0065777572795755,0.071641826974291,-0.1094079304168294,0.2098404434897129,0,0,0.0001578718869637,0,-0.6788688060429262,2.522338508175288,-0.0155981117137067,0.3101288013364964,-0.385694502041036,1.498280724310545,0,0,0.0001578718869637,0,-2.189267010989666,2.84876877098712,-0.0162161490543262,0.6016642721302794,-1.1298295208152005,1.6922712084414706,0,0,0.0003157437739274,2,28.370468765059137,32.71880253986993,30.98668054694263,0.6170172165171939,28.69309790827879,32.005257249041705,0,0,0.003157362970447,0,65.1594746668403,114.72909321705012,83.9686017260656,7.818178675455093,70.8616151899943,106.0891220486227,0,0,0.001578731331502,0,0.0412315408052434,3.481679607224214,3.428671342962037,0.2659606276252337,3.446430694193876,3.4537458047335736,0,0,0.0001578718869637,0,844,81.09181783678423,8.825142314357468,99.23061613520008,0.0730158053564394,733.0,True,81.21546882060102,849,0.1395,0.0360287589071358,1.9873493789476968,,0,3.01,Tilt-up,,True
datasets_subject_11_to_20_scidata/GDN0012/GDN0012_4_TiltUp.mat,GDN0012,TiltUp,2018-02-20_15-25-49,v5,42.24,2000.0,2000.0,1000.0,100.0,200.0,1272250,1272250,636.12,True,,636.12,636.12,636.12,636.12,81424,79,158,18.51049995333699,653.0133704505799,1788.0426799941963,1678.2690251624288,-1.4936057669023226,1.0654088547103726,0.3262645668941314,-2239.176750183105,2507.864475250244,-608.7205219268799,808.0157852217645,-2047.3619270324707,1785.8524322509766,0,0,0.0001572018078207,2,-1731.7943572998047,3278.414249420166,1238.304379811196,1131.7269407381918,-1261.266169548035,2983.937873840332,0,0,0.0001572018078207,2,-1.28676695455838,13.964206183294918,9.98717867467652,2.128360214273786,-0.104225505113413,13.279089397786302,0,0,0.0001572018078207,0,-1.2790852666037893,13.880843244843913,9.927557629969211,2.115654417809944,-0.1036033040191475,13.199816441083808,0,0,0.0001572018078207,0,-73.43478944831395,84.82801630673521,0.019418459928054,3.3062724544035733,-8.725449547286516,8.822551616879814,0,0,0.0001572018078207,0,-51208.74207566562,50130.41208558285,0.0218621692975692,1847.1536339123609,-5066.488664546873,5055.364211033202,0,0,0.0001572018078207,0,27.030940075365887,3163.612116830242,1240.8095543451411,627.7635123244914,214.3750860745913,2781.2550449056043,0,0,0.0001572018078207,0,-0.5786913640363426,1.8118110254486532,2.265631642477894e-05,0.0825837985358217,-0.2009964457128025,0.2165905038800812,0,0,0.0001572018078207,0,15.159928511447704,2.427267761851066,-0.6261761901690611,2.284543203155992,0.0062686754583416,0.1360595897035311,-0.2776675321596203,0.3479982131473088,0,0,0.0001572018078207,0,-1.3081212355286769,4.598615272794089,-0.008879913842127,0.4495404527978296,-0.5943947111607821,2.28391612010192,0,0,0.0001572018078207,0,-1.4642951829969368,2.083929905131252,-0.0155306936954737,0.3814578906530593,-0.7537523531193447,1.08124899925693,0,0,0.0003144036156415,0,21.54814473823745,24.606385908302936,23.86752609344782,0.3883011807858857,21.827700765008547,24.39086294048787,0,0,0.0031440608690184,2,60.60528772308403,123.05458624516984,87.94395501250013,9.114201309072897,66.59143017734188,112.13292618982064,0,0,0.0015720304345092,2,0.0232451095690979,3.489167288348149,3.435646393475653,0.2150718551402718,3.446573954281247,3.4527772286440226,0,0,0.0001572018078207,0,890,84.8004081840803,12.697008396027856,60.86818903062856,0.0728630951959875,720.25,True,83.65874983019926,880,0.806,0.0206263225845473,1.4693229719069587,,0,2.95,Tilt-up,,True
datasets_subject_11_to_20_scidata/GDN0013/GDN0013_4_TiltUp.mat,GDN0013,TiltUp,2018-02-21_12-28-01,v5,43.77,2000.0,2000.0,1000.0,100.0,200.0,1322550,1322550,661.27,True,,661.27,661.28,661.28,661.28,84643,82,164,417.3613092447102,1127.3538462380372,1435.543684983127,1009.627245387336,0.0442763469474707,1.4218551366770926,0.4307905702285264,-2512.8278732299805,2888.1077766418457,718.6341248486633,672.263083711743,-1032.851586341858,2232.5187492370605,0,0,0.000151223016143,2,-1492.0477867126465,3471.51517868042,1063.7088233160614,663.8524123320706,-5.604324340820313,2407.125849723816,0,0,0.000151223016143,2,-0.8381120268951183,22.507178979952556,12.69280155411771,3.0838306616590025,-0.2167596854537271,18.63495834961594,0,0,0.000151223016143,0,-0.8331087005050594,22.37281655709918,12.617028594248891,3.0654209373777377,-0.2154656824807007,18.52371214875459,0,0,0.000151223016143,0,-206.9251621888716,209.74067568650707,0.0196238468226544,5.824536269250039,-16.050690778268322,16.298123039348884,0,0,0.000151223016143,0,-142309.3323422831,135878.59115301317,0.0337730982500337,3566.858328916448,-10336.56459825364,10362.958149886552,0,0,0.000151223016143,0,102.68491680115017,3305.09058681731,884.0524680547296,333.3000342140279,320.0543758256162,2148.449222904796,0,0,0.000151223016143,0,-0.9631225223175128,1.3522372711370725,-9.4809891361401e-07,0.100207382277203,-0.2349213378690831,0.2892337885822833,0,0,0.000151223016143,0,23.20592525760424,3.715518461658577,-0.3540329006210476,0.1979664984048329,0.0081351403192927,0.0464924935459538,-0.1366930717204781,0.1084492701517335,0,0,0.000151223016143,0,-0.8957588134586824,0.997984023344867,-0.0126386394253059,0.1291254998658286,-0.3059838983052977,0.6016777182451891,0,0,0.000151223016143,0,-2.5179037396068287,2.3464551515327434,-0.018777480843426,0.5971660087130994,-1.0724463896987082,1.60915524951527,0,0,0.0003024451175528,0,23.94452562141506,28.38057614708054,27.252136828273613,0.658185995012092,24.14997042432265,28.09703195134388,0,0,0.0030244374546334,2,64.99024124258175,115.97739172910512,87.08315488392333,9.035189478280657,72.33006694251159,108.57404093603576,0,0,0.0015122187273167,2,0.0203401679272289,3.4837350485101504,3.436456405548425,0.2119021968215612,3.4471376933659807,3.4527108346499986,0,0,0.000151223016143,0,872,79.39683532149608,3.869726400245437,22.308521128540296,0.0532305419307715,752.0,True,79.38617098023366,872,0.6665,0.0215034121883521,1.033526364810538,weak_radar_ecg_coupling,1,3.25,Tilt-up,,True
datasets_subject_11_to_20_scidata/GDN0014/GDN0014_4_TiltUp.mat,GDN0014,TiltUp,2018-02-21_15-33-52,v5,43.45,2000.0,2000.0,1000.0,100.0,200.0,1309850,1309850,654.92,True,,654.92,654.92,654.92,654.92,83830,81,162,-73.72373718172707,1172.520551119401,1195.3165600972125,952.989289655068,-0.7498998903041358,1.2542812107886905,0.4366592765650643,-1285.1085662841797,2262.0849609375,237.400713381924,626.9845037424197,-1107.88969039917,1529.451174736023,0,0,0.0001526892392258,2,-907.1435928344728,2865.825653076172,767.2543813428993,469.2699285256539,-281.75524711608887,2063.8358116149902,0,0,0.0001526892392258,2,-1.046260032003402,11.726604160471789,5.717234501614546,1.5741353474031865,-0.0767448632073856,7.669486025039053,0,0,0.0001526892392258,0,-1.040014112292192,11.656599165698928,5.6831039923960365,1.564738139544991,-0.0762867149085126,7.623701045709471,0,0,0.0001526892392258,0,-97.98984676768328,98.36624928096604,0.0095502519582655,5.972287690527551,-16.45918605217308,16.6141244127098,0,0,0.0001526892392258,0,-62181.19654211891,70553.53624497855,0.0463049697527189,3863.048275241336,-10767.954852724051,10772.918849557347,0,0,0.0001526892392258,0,0.727504305909967,2215.9998652951767,687.0307602736269,375.91563972445056,58.60060475948935,1629.2425420666736,0,0,0.0001526892392258,0,-0.5381280298510932,0.6897337005251578,-1.4142883545699424e-05,0.0581262924879298,-0.1634241996602694,0.1538861398737739,0,0,0.0001526892392258,0,12.69661327799112,2.032864473673897,-0.3778970434042234,0.7022163785237988,0.0067653970266765,0.1273238286953322,-0.1999774628200044,0.3259787717581466,0,0,0.0001526892392258,0,-0.6964770921806422,2.118808744471385,-0.0153083643680686,0.3066156373990444,-0.3649945740952524,1.5394189811499068,0,0,0.0001526892392258,0,-2.580798912899126,3.864616758609269,-0.0201053743377516,0.8297765739094856,-1.2917449204649811,2.185447742464495,0,0,0.0003053784784517,0,37.221964500566536,41.83501048547142,40.71437589383353,0.6125912654539863,37.542212334641846,41.40474528619327,0,0,0.003053808098699,2,40.80885398226442,111.09046668792544,76.48003490084218,13.478632757863648,51.42719063632957,106.37168726938997,0,0,0.0015269040493495,0,0.023086530415804,3.471333164298463,3.4328051217451376,0.2367164352182661,3.446350468860858,3.453252041993714,0,0,0.0001526892392258,0,1002,92.0485260890159,4.668033539798238,14.002767583588607,0.0415315047765047,647.0,True,92.04052026812792,1001,-1.5655,0.0275381868969988,1.0753443611549482,large_sync_lag;weak_radar_ecg_coupling,2,3.2,Tilt-up,,True
datasets_subject_11_to_20_scidata/GDN0016/GDN0016_4_TiltUp.mat,GDN0016,TiltUp,2018-02-23_10-37-38,v5,47.03,2000.0,2000.0,1000.0,100.0,200.0,1419150,1419150,709.58,True,,709.58,709.58,709.56,709.58,90826,88,176,-521.5819449147659,525.9930271052795,2627.614796231067,2021.3981469220407,0.7679406744838557,1.2998996759901582,0.5583792666197588,-4000.0,3669.9719429016113,-140.7283852229145,1102.1736072295537,-2498.8176012039185,2440.8799171447754,0,0,0.1345876052566677,1458,-4000.0,3999.999523162842,913.3844775650906,1228.052648506339,-2372.0875310897827,3279.10749912262,0,0,0.1172532854173272,1477,-3.0626159734241423,18.286546002570244,9.178437837636052,3.965909378046635,0.2554919996495126,17.627950163312544,0,0,0.0001409294295881,2,-3.044332895708129,18.1773797392765,9.123644780408746,3.942233856857335,0.2539667741148892,17.522715558123206,0,0,0.0001409294295881,2,-201.46115888267764,406.4152176744751,0.0255180293901449,4.911992122131754,-13.744483039754414,12.956101342932694,0,0,0.0001409294295881,0,-165363.47768152086,150883.84784697613,-0.005017703455205,2526.611642464952,-7023.403763004245,7065.608058913577,0,0,0.0001409294295881,0,0.4290650327380104,5451.875559582998,1439.344945959709,806.9610241623083,88.79508414589058,3647.095366055751,0,0,0.0001409294295881,2,-1.8749917837514316,2.5394491588718866,1.1144856084378216e-05,0.1765363786315029,-0.5198718628269691,0.5073424157308323,0,0,0.0001409294295881,0,21.221712634984627,3.397824659349042,-0.5649543192818017,0.2971368036412281,0.0063572539342734,0.0641979233962183,-0.2091036084846485,0.1585867822035217,0,0,0.0001409294295881,0,-0.7234699995595588,1.918746173604376,-0.0202247101056528,0.2454932759701498,-0.3186437976202379,1.3054525101159875,0,0,0.0001409294295881,0,-5.946866787351904,3.1162918792791707,-0.0201890335313549,0.5887575616291817,-1.0636486873905342,1.7246727529385932,0,0,0.0002818580647343,0,24.93371778188164,29.331244627850342,27.74915729371205,0.6736526170871776,25.115590863595823,28.836092210987285,0,0,0.0028186481763346,2,57.52066791439808,126.9613520103229,93.85544271427638,10.91231080697994,61.35730392620391,118.73795053779432,0,0,0.0014092843653992,2,0.035552348622559,3.504656668485062,3.4384666752771853,0.2033897980439992,3.447702718229029,3.454679202161396,0,0,0.0001409294295881,0,828,70.66768293824951,6.625432575191079,34.22955638430542,0.176866558761624,841.0,True,70.663938428763,828,0.899,0.0264665526884047,1.061141362588113,weak_radar_ecg_coupling,1,3.66,Tilt-up,,True
datasets_subject_11_to_20_scidata/GDN0017/GDN0017_4_TiltUp.mat,GDN0017,TiltUp,2018-02-23_12-48-42,v5,42.48,2000.0,2000.0,1000.0,100.0,200.0,1289450,1289450,644.73,True,,644.73,644.73,644.72,644.72,82525,80,160,1599.0872556656473,217.89724797255317,4638.686466833726,1309.1704952155844,0.627682061390122,3.543225640805372,0.5446141766657868,-1416.3918495178225,3487.5659942626958,873.7785175220239,306.85904438262133,184.131441116333,2044.124097824097,0,0,0.0001551048896816,2,-1533.5636138916016,3500.459671020508,1161.9323309397262,344.1104145634944,-451.897988319397,1884.618182182312,0,0,0.0001551048896816,2,-4.785371885857371,3.5165994614740583,1.4427506062215971,0.8053747955390023,-4.437575257068957,1.6820101930223093,0,0,0.0001551048896816,0,-4.756804371402943,3.4956062119748927,1.4341377335378298,0.8005669025138462,-4.4110840044928326,1.671968998388373,0,0,0.0001551048896816,0,-710.7795396566316,571.1062125618912,0.004356693188151,4.557823619601484,-2.451826610924917,2.3202909141903776,0,0,0.0001551048896816,0,-298376.3888631804,237743.1018768352,0.0226602062981941,2079.5357730087258,-1449.534652119884,1443.831953059538,0,0,0.0001551048896816,0,0.2516131863445457,2792.6914287387426,312.7331927113643,338.7807561049356,47.65722636742385,2296.565545214441,0,0,0.0001551048896816,0,-1.2053613576754962,1.5597692195025108,-3.650755407722735e-05,0.0440122406256122,-0.0819297374599319,0.0791364122092923,0,0,0.0001551048896816,0,8.252410583377836,1.3212997773350794,-0.5617949602841444,0.7382586961275902,0.0056336677772169,0.0960790138399501,-0.1955700946195938,0.4011067994280793,0,0,0.0001551048896816,0,-0.8347355720075156,2.094135231543332,-0.0157766850702725,0.2873679464221308,-0.4465491204779618,1.2392124721040163,0,0,0.0001551048896816,0,-2.1105449506031664,2.5159887315312144,-0.0215459271888441,0.5025157252334725,-0.9022094713252388,1.3901438192273847,0,0,0.0003102097793632,2,36.288549448801774,42.04386017506517,40.27307674952323,0.8087209527690256,36.616110767715845,41.51228523576076,0,0,0.0031021218513463,2,53.60793794118475,119.69207892130466,81.00314828630309,11.658751378131573,61.830397437862295,112.28748059054315,0,0,0.0015510609256731,0,0.0216566334243564,3.481483460572823,3.434681494862366,0.2280645122724198,3.4475141666248232,3.452816810839745,0,0,0.0001551048896816,0,815,76.80733334560378,8.421353550892109,35.422116287190164,0.0799566326392125,781.0,True,76.8054708237377,815,-1.922,0.0138671809833698,0.945824123427407,strong_iq_imbalance;large_sync_lag;weak_radar_ecg_coupling,3,3.23,Tilt-up,,True
datasets_subject_11_to_20_scidata/GDN0019/GDN0019_4_TiltUp.mat,GDN0019,TiltUp,2018-03-21_10-42-43,v5,45.41,2000.0,2000.0,1000.0,100.0,200.0,1364200,1364200,682.1,True,,682.1,682.1,682.12,682.1,87309,85,169,,,,,,,,-1946.5899467468264,1281.2724113464355,-511.0444011308636,497.9742391669936,-1435.4735851287842,1071.5165424346924,0,0,0.0001466060694912,2,-1141.5581703186035,2391.9897079467773,707.8343216590982,460.8233629665725,-295.0674867630005,1968.5850191116333,0,0,0.0001466060694912,2,-1.426898589057678,52.5547772219153,28.31235548042724,15.056846153147688,-0.0712815167074769,51.06501590447317,0,0,0.0001466060694912,0,-1.4183803490879947,52.24103789428364,28.143337555860832,14.966960417957626,-0.0708559832677681,50.76017009211782,0,0,0.0001466060694912,0,-1250.6784414429612,4285.010139076845,0.0611451908327796,15.728757599283592,-32.66380656142453,32.51393248625815,0,0,0.0001466060694912,0,-1537236.4560746911,1335759.147688175,-0.0063941700643665,9096.641822200918,-20673.491464577837,20834.40975853544,0,0,0.0001466060694912,0,0.9264773813897824,1961.1694350688008,546.5320560663881,402.0438115698513,52.12659266917388,1603.1812239646372,0,0,0.0001466060694912,0,-8.468416756472454,8.919527864423213,-5.593622997383936e-05,0.2330621208341203,-0.6223183114610708,0.5761968326182132,0,0,0.0001466060694912,0,53.65941824337164,8.591450541700548,-0.8219156948295447,0.8147431347274847,0.0049153809967475,0.2757472495046282,-0.4989073545985357,0.550947804774169,0,0,0.0001466060694912,0,-1.0826371702190245,2.3175051484302496,-0.0035042828387843,0.3219348697627449,-0.6487170889803942,1.26134797701528,0,0,0.0001466060694912,0,-2.197645582608537,3.350779791432841,-0.0193720956738829,0.6925063315728436,-1.0930295903476714,2.103440003425101,0,0,0.0002932121389825,0,31.324428801455056,37.27707068763032,35.39930254455907,1.2417853387447506,31.42515941926813,36.37035747287199,0,0,0.0029320354189878,2,77.27747285175778,160.9288492205644,112.50713310678591,11.668912655901828,82.38863634649996,148.28889030500997,0,0,0.0014660606949127,2,0.0196876397364845,3.457181151565216,3.435565691397043,0.1585907736796941,3.435076877902594,3.4534570472428467,0,0,0.0002199091042369,0,864,77.88120830172886,9.461158291442066,32.04276323849409,0.0142941022534102,757.5,True,77.77910679382732,866,-0.31,0.0181638992514743,1.1252104005122356,weak_radar_ecg_coupling,1,3.43,Tilt-up,,True
datasets_subject_11_to_20_scidata/GDN0020/GDN0020_4_TiltUp.mat,GDN0020,TiltUp,2018-03-21_13-16-47,v5,47.82,2000.0,2000.0,1000.0,100.0,200.0,1436137,1436137,718.07,True,,718.07,718.07,718.08,718.07,91913,89,178,575.6570580863684,-188.0032918681045,3446.408500559849,878.0881294078389,-0.8340294982622853,3.924900457183065,0.4234898576163096,-2298.275947570801,1532.6218605041504,-827.3073026657361,664.6650487652231,-1826.89058303833,1314.374675750732,0,0,0.000139262479833,2,-1891.933917999268,2599.1787910461426,732.0396952987657,672.682856362953,-1603.5797119140625,2036.9370269775388,0,0,0.000139262479833,2,-1.6321955450799894,10.925590052914083,3.534913251076273,1.311802850526084,-1.34611434241974,4.575406118241754,0,0,0.000139262479833,0,-1.622451731863648,10.860366918912272,3.513810672676103,1.3039717043189276,-1.338078364892468,4.548092048711642,0,0,0.000139262479833,0,-2099.7612582917773,279.1854908892826,0.006829948961369,4.695705669449355,-8.480551599442414,8.525472857722615,0,0,0.000139262479833,0,-752148.8650117754,876420.9629017876,-0.0059572585863169,2505.427789278413,-5057.678464455956,5055.232952306245,0,0,0.000139262479833,0,0.3719852656292463,2909.86110394206,715.0748396762245,618.8293997191143,72.24990754408192,2689.1778343214137,0,0,0.000139262479833,0,-2.115680056214445,2.294105458368332,-6.914022214359333e-05,0.1100610819057261,-0.2636074155542133,0.2940531376813862,0,0,0.000139262479833,0,12.482818650775922,1.9986336522089696,-14.664260630196566,17.50642602794132,0.0061283817339052,0.1585685112952113,-0.2826197342903935,0.3641177908960825,0,0,0.000139262479833,0,-1.7104671173447137,1.7363265676957336,-0.015115742427871,0.2864600727108187,-0.5236382725563852,0.9811260433476006,41,0,0.0001392664557244,0,-2.182093650328185,3.0174123126730006,-0.0186396041151043,0.781217676282736,-1.204829079026087,2.124712141352516,0,0,0.0002785247657258,2,31.78073378448074,38.2502705546362,36.63356737327237,1.250872171339266,32.139427334673805,37.60352793544071,0,0,0.0027852049910873,0,48.807514774131576,118.88500401780406,88.80759502567325,9.024605856852888,66.81366007169962,110.80283224116076,0,0,0.001392631586277,0,0.0230812839120546,3.4981122489871512,3.437624926139124,0.1311196139634727,3.4356578322426423,3.452210960947608,48,0,0.0001392671345578,0,1103,94.14397128835184,12.24773913271892,32.57402315587517,0.0174078221004138,618.0,True,94.13659339555711,1103,-0.4185,0.0284901662800592,1.105529865692514,strong_iq_imbalance;weak_radar_ecg_coupling,2,3.59,Tilt-up,,True
datasets_subject_21_to_30_scidata/GDN0021/GDN0021_4_TiltUp.mat,GDN0021,TiltUp,2018-03-26_12-49-01,v5,50.64,2000.0,2000.0,1000.0,100.0,200.0,1520500,1520500,760.25,True,,760.25,760.25,760.25,760.25,97312,95,189,-1570.247013859927,2195.3179369353115,2790.472406945797,644.9581889237517,-0.6056845526817103,4.326594273657161,0.3593447689789725,-2552.070140838623,1411.2229347229004,-656.1222732588477,707.0882845626263,-2352.259316444397,761.7045021057129,0,0,0.0001315356790529,2,-338.67597579956055,2832.11088180542,1446.8417500113626,597.647840379015,396.8691349029541,2738.7066316604614,0,0,0.0001315356790529,2,-4.941207527208208,1.327621215735797,-0.9244682330636004,1.537719898859155,-4.8431230572633925,1.1574120865504758,0,0,0.0001315356790529,0,-4.911709711610422,1.3196956377085955,-0.9189493809784038,1.5285400824341564,-4.814210782263023,1.1505026159176963,0,0,0.0001315356790529,0,-372.90904943255657,342.5237318376227,0.0027750051830736,6.763765707461168,-17.57297701659969,17.66257359617469,0,0,0.0001315356790529,0,-120121.2866437088,104210.4580831078,-0.0223392329400831,3737.054221584369,-10509.082910988123,10462.500755238148,0,0,0.0001315356790529,0,1.818859437287832,2237.390165740523,809.2495541092263,449.7465313367488,82.30434539138773,1756.2926683097912,0,0,0.0001315356790529,0,-1.9393350475049145,1.5928573916953148,-4.847737731172728e-05,0.186782514206713,-0.6871492741469857,0.6885701790005644,0,0,0.0001315356790529,0,6.231405349319018,0.9977150818360908,-0.7073969948977058,0.7397571674979941,0.0084421838830576,0.1602125148134085,-0.3256698923933153,0.373384004518082,0,0,0.0001315356790529,0,-1.3092872393510295,1.1651732045089465,-0.0152274223147214,0.2268626103513175,-0.5429396160050903,0.6008146580878799,0,0,0.0001315356790529,0,-1.6098713394448274,2.084412723308108,-0.0162798866203089,0.567207929380396,-0.83438477365852,1.6427820874260954,0,0,0.0002630713581058,0,29.60965338034364,33.57863761005554,32.40030390887634,1.2836589276295591,29.68382664134494,33.45153038615303,0,0,0.0026307135810588,2,80.27622555172725,143.633086006526,106.57364866258536,11.372070635069928,85.68728387356762,136.119678377524,0,0,0.0013153567905294,0,0.0116953461102398,3.467041656186045,3.439426930158601,0.0977878529834918,3.435183490280663,3.451948014930931,0,0,0.0001315356790529,0,1216,97.8229628158623,12.496057246852583,18.292603210973837,0.0240052772149143,588.25,True,97.81516292445453,1215,0.7905,0.0147512032156785,0.9955283600011768,strong_iq_imbalance;weak_radar_ecg_coupling,2,3.59,Tilt-up,,True
datasets_subject_21_to_30_scidata/GDN0022/GDN0022_4_TiltUp.mat,GDN0022,TiltUp,2018-03-27_12-04-29,v5,42.8,2000.0,2000.0,1000.0,100.0,200.0,1300450,1300450,650.23,True,,650.23,650.23,650.24,650.22,83229,81,161,,,,,,,,-2592.049598693848,2086.884021759033,-145.14667779792757,199.71183586417052,-435.373158454895,547.4814939498904,0,0,0.0001537929178361,2,-1556.391716003418,3509.552001953125,1185.0750338547673,178.39819694130145,894.1951084136963,1441.6215753555298,0,0,0.0001537929178361,2,-60.058822525937984,18.873897011880796,-45.19648944702339,23.530108604718997,-59.63373528407586,11.160466479786828,0,0,0.0001537929178361,0,-59.70028586012601,18.761224404911253,-44.92667732032472,23.38963953905115,-59.27773628643596,11.093841190241047,0,0,0.0001537929178361,0,-4122.093410400705,5135.303476701566,-0.0828472475346552,57.45015551266713,-81.68810388696156,80.45400510008822,0,0,0.0001537929178361,0,-2709901.2557010865,2674362.607682016,0.0201546629459496,35993.42117764277,-53489.44963255603,53736.20702415191,0,0,0.0001537929178361,0,0.0502669679175047,2889.5486525723823,176.11712402298312,201.72628158477016,14.134189799315363,1392.6600991931646,0,0,0.0001537929178361,0,-10.043164782785276,9.633466093417251,-2.4831144922103608e-05,0.3443430137962923,-0.3822952248207834,0.4625501577572328,0,0,0.0001537929178361,0,78.46151026503726,12.56253248613008,-2.6496912070124714,1.068219717428864,0.00967167367161,0.1390334705769938,-0.2009534727852112,0.5772707387831628,0,0,0.0001537929178361,0,-1.5041618462717434,3.004575635100315,-0.0049987657527828,0.1303660955287713,-0.3436222624922003,0.3744759909909696,0,0,0.0001537929178361,0,-2.271848486775196,2.161536579108537,-0.0159056156578303,0.4603215017320599,-0.8667280965001347,1.3373288375234211,0,0,0.0003075858356722,2,38.857988661892456,42.1734225526998,40.927986422903096,0.3512458582106734,39.11453202571635,41.48768689322012,0,0,0.0030757874015748,2,80.40542192626467,148.3784393548835,111.4351491363061,10.858813139628817,88.55553665053304,138.66642334467969,0,0,0.001537941004583,0,0.0227896143128946,3.501355632198772,3.437109982615252,0.1280877094170158,3.435567455181434,3.450946350454524,0,0,0.0001537929178361,0,730,67.87906866576719,7.612903269830404,83.44543810245045,0.1085778834848579,886.0,True,68.09841459447556,732,-0.62,0.0128810998247387,1.040800571571585,weak_radar_ecg_coupling,1,3.18,Tilt-up,,True
datasets_subject_21_to_30_scidata/GDN0023/GDN0023_4_TiltUp.mat,GDN0023,TiltUp,2018-03-28_12-21-48,v5,43.55,2000.0,2000.0,1000.0,100.0,200.0,1311100,1311100,655.55,True,,655.55,655.55,655.56,655.56,83910,81,162,-202.365303297738,1291.72073344159,1131.1748937650848,942.0995054198888,-0.6865998814918264,1.2006957728535543,0.2403059875858088,-1554.2759895324707,1413.2490158081057,-195.94200167737048,733.8564540422936,-1383.1872940063477,1008.9474630355836,0,0,0.0001525436656242,2,-347.7892875671387,2645.845890045166,1566.0187013019606,617.8124677969613,192.84245491027832,2492.6590967178345,0,0,0.0001525436656242,2,-4.310831281696501,7.686904061722805,1.860500424112364,1.7152428505175106,-3.435145877968563,5.169041455531131,0,0,0.0001525436656242,0,-4.285096660043705,7.641015100920812,1.849393685905584,1.7050032649442703,-3.4146388866912583,5.138183526404904,0,0,0.0001525436656242,0,-75.33471428941976,54.50620468627784,0.0084303831069543,2.777865892813178,-6.787108397527609,6.5508761242174245,0,0,0.0001525436656242,0,-39820.89801138349,34623.35004637451,0.0100853312745635,1370.148614193796,-3405.322494489996,3411.7168813608923,0,0,0.0001525436656242,0,176.4549747210023,2111.6812063987663,920.5193065746314,269.9661955287353,308.864677076674,1549.7738471845012,0,0,0.0001525436656242,0,-0.6502988985589393,0.657542262480415,7.639569591765824e-06,0.0820147158673233,-0.188516699943427,0.1984217092565536,0,0,0.0001525436656242,0,11.926111760964517,1.909498885813521,-0.7332419528205544,0.3716861164231556,-0.004303115819156,0.1058517275672948,-0.3199982295389958,0.2296560353886317,0,0,0.0001525436656242,0,-0.9894099417491048,1.1790974737141136,-0.011031318572546,0.2018810691560438,-0.5084576143615069,0.6940854843542088,0,0,0.0001525436656242,0,-2.950590491746846,3.308229370487302,-0.0207430927012342,0.7654727184026691,-1.1677435129378932,2.1618146936202285,0,0,0.0003050864004686,0,36.133438848596406,41.57858702317517,40.17076995860352,0.904328437851156,36.38705279367821,41.16006703274968,0,0,0.0030508267740557,2,73.92088598417907,134.56073569484468,96.53800439802164,9.917661812233586,79.8742837980319,123.6823774877689,0,0,0.0015254133870278,2,0.0163787063720189,3.473710726607916,3.438160068110739,0.12946852884165,3.437553863030536,3.451311024030721,0,0,0.0001525436656242,0,843,78.30096291733967,8.793773008455702,42.61824845145744,0.0734498310196255,758.25,True,78.31872103698619,842,-1.3175,0.0049397300399668,2.2118550947512507,large_sync_lag,1,3.21,Tilt-up,,True
datasets_subject_21_to_30_scidata/GDN0025/GDN0025_4_TiltUp.mat,GDN0025_no02,TiltUp,2018-07-03_13-08-58,v5,43.04,2000.0,2000.0,1000.0,100.0,200.0,1296250,1296250,648.12,True,,648.12,648.12,648.12,648.12,82960,81,161,-388.799514783321,836.113707281984,1941.8536679627723,1310.6779587796354,-1.0880980372043196,1.4815642965193532,0.2709863234428413,-2528.54585647583,1590.5675888061523,-760.9779437518511,960.8970324220464,-2228.712935447693,1219.7456741333008,0,0,0.0001542912246865,2,-1834.167957305908,3490.917682647705,733.6988820597429,1059.7356993598355,-1199.6545457839966,2624.433536529541,0,0,0.0001542912246865,2,-1.4212836871079129,23.527114009422338,15.88800795390502,4.078229785681251,-0.9308223498803624,21.84476942651126,0,0,0.0001542912246865,2,-1.412798966746828,23.386662820765192,15.793160383496412,4.053883738784613,-0.925265565252338,21.714361428714927,0,0,0.0001542912246865,2,-30.93075122437699,38.3887448938201,0.0276349113801882,2.513272439381017,-6.443789705889794,6.743540876953298,0,0,0.0001542912246865,0,-20908.54148115788,24246.46080924332,-0.0153940651488932,947.009714372436,-2393.67387393584,2390.899893461523,0,0,0.0001542912246865,0,349.57654629680127,2773.822229359213,1348.4594339476137,477.5144127802404,494.2469038956015,2185.3873688821195,0,0,0.0001542912246865,2,-0.9440725780991488,1.101384223506558,-2.1521389182309097e-05,0.0929716213205734,-0.2134029513889007,0.2453464267922946,0,0,0.0001542912246865,0,24.79946178751202,3.9706608156252448,-2.0346036824888154,1.2364649888775598,0.0065379307329049,0.2848460830575971,-0.5003300290173763,0.734575477771316,0,0,0.0001542912246865,2,-2.3142916005700997,3.5596898571910423,-0.0093699197688615,0.5584657708544658,-1.2395493221052754,1.4873000334956998,0,0,0.0001542912246865,2,-11.432528148310832,9.603624147038389,-0.1291493976521144,0.441250627872327,-1.1254277371914854,1.29562732836853,987,0,0.0003090530922307,0,34.45677386142756,40.21640507931908,35.28970664728777,0.74274345080622,34.6731793403364,38.86973684389489,0,0,0.0030858482996975,2,76.58053999267216,142.62630878629838,102.3678905232338,9.90006726167674,83.15169267375317,129.9638626556362,0,0,0.0015429241498487,0,0.0225224433270023,3.500714129837215,3.440036789270639,0.124940337158364,3.438741222046107,3.451284431161284,0,0,0.0001542912246865,2,950,89.4556084398209,11.385993327698085,45.02367813525461,0.0745227190146337,668.5,True,89.52440016584389,951,-0.5735,0.0262244701599679,3.505571036787898,,0,3.22,Tilt-up,,True
datasets_subject_21_to_30_scidata/GDN0026/GDN0026_2_TiltUp.mat,GDN0026,TiltUp,2018-05-17_12-51-25,v5,46.07,2000.0,2000.0,1000.0,100.0,200.0,1389150,1389150,694.58,True,,694.58,694.58,694.56,694.58,88906,86,172,,,,,,,,-2747.091770172119,2325.1004219055176,-354.10245175229994,527.3813368355045,-1683.1776332855225,902.6695823669436,0,0,0.0001439729330885,2,-2385.408401489258,3146.674156188965,784.8310909707865,412.6470358324336,-353.3003568649292,2014.5644998550415,0,0,0.0001439729330885,4,-7.046721960005091,42.018640437126926,15.609184490075782,10.017500658791098,-6.774128061305884,41.13440292811551,0,0,0.0001439729330885,2,-7.004654731741448,41.76779930154233,15.516001428408211,9.957698599161624,-6.733688152783951,40.88884047690954,0,0,0.0001439729330885,2,-4210.370205614495,3681.8604348316658,-0.0046909522731515,13.815355399003591,-22.534075459605592,23.23428361473892,0,0,0.0001439729330885,0,-2375064.4074334544,1767767.2453459683,-0.0143829052352401,8499.22696241053,-13668.859690536996,13671.460698912026,0,0,0.0001439729330885,0,0.4795828104395918,3429.919178001815,554.7887293049138,374.9908218342643,44.63011165374318,1956.833235082413,0,0,0.0001439729330885,2,-2.122922695991625,2.152445390770477,4.111680832236367e-06,0.2026428656057331,-0.6357966865938787,0.6633944076459337,0,0,0.0001439729330885,0,48.77245403328378,7.808994960098769,-0.4240916043604877,0.9179973899218368,0.008024075470388,0.119334535128135,-0.2095938072123138,0.3175623225531664,0,0,0.0001439729330885,0,-0.3848389404381727,1.3307706464202815,-0.0140424812358636,0.1557983121286124,-0.1888056803540915,0.8514632510773313,0,0,0.0001439729330885,0,-2.5709630905370853,3.014991532777884,-0.0007644606586921,0.6071642016125023,-0.9373846269487778,1.781225631055998,0,0,0.0002879450370513,0,29.88786267343496,33.534222576830786,32.73645008660308,0.4700393633764516,30.23603967364421,33.36094488210411,0,0,0.0028795208477309,0,46.55758925304484,100.19944738146984,65.75508229547185,7.555407918115345,51.92974300284241,84.0060385040222,0,0,0.0014397189668576,0,0.0287429300941559,3.478418190689849,3.4404580337938304,0.0923284229596208,3.4366401254014454,3.4519284058522945,0,0,0.0001439729330885,0,834,72.55780624792634,6.414637875391609,35.204540552047675,0.0267789848317207,826.0,True,72.55865832099829,834,0.186,0.0254863276516982,1.137455761058212,weak_radar_ecg_coupling,1,3.43,Tilt-up,,True
datasets_subject_21_to_30_scidata/GDN0027/GDN0027_4_TiltUp.mat,GDN0027,TiltUp,2018-05-22_12-21-24,v5,44.42,2000.0,2000.0,1000.0,100.0,200.0,1338900,1338900,669.45,True,,669.45,669.45,669.44,669.46,85690,83,166,-329.58848074935963,661.5316932357504,2581.7657379137167,1163.8838257564032,-0.938403603383736,2.218233195427248,0.265484465598244,-2951.2319564819336,2241.00399017334,-719.7202626338808,962.2258173010024,-2373.154888153076,1666.618037223816,0,0,0.0001493763537232,2,-2568.686008453369,3509.652137756348,261.15701907049134,1133.1523763328248,-2429.7891807556152,2581.387104988098,0,0,0.0001493763537232,4,-1.176961967502738,22.35846843700946,15.550393022826288,4.665605479537972,-0.6846450525406649,20.535794335951365,0,0,0.0001493763537232,0,-1.16993578880212,22.22499378018272,15.45756093201962,4.637752941604762,-0.6805578869240465,20.41320060331812,0,0,0.0001493763537232,0,-36.67011265430392,30.158565853432265,0.0251603310277239,2.8512991437884305,-7.720494825340865,9.048614466284334,0,0,0.0001493763537232,0,-16525.934376481106,15611.688306590777,0.0073081743417094,1058.619402736605,-3089.8742255050897,3079.6367926859584,0,0,0.0001493763537232,0,355.0159727819413,3447.149534542958,1369.5039800342374,578.2488047023472,542.3821596935951,3050.754525663204,0,0,0.0001493763537232,0,-0.7759487995429212,0.9571063592114926,1.8148644090862815e-05,0.1421308547890829,-0.3712006481821054,0.4266738697192921,0,0,0.0001493763537232,0,23.39492956898484,3.745780086673402,-1.556376994855414,3.7296965410503184,0.0062624803657696,0.3604673507731392,-0.8102229743438478,0.6800053319641138,0,0,0.0001493763537232,0,-2.7202404706945944,4.81097415879852,-0.0235673778307897,0.6877918676821816,-1.1408290311875766,2.094041381403998,0,0,0.0001493763537232,0,-7.954415593629838,9.788252040327334,-0.1226488742205253,0.4712577850592335,-1.0724716866799209,1.2894668963219933,716,0,0.0002990716815006,0,36.31799366576948,38.8495061989999,37.7149962624018,0.4798049131809988,36.43392647121398,38.61693673388022,0,0,0.0029875717017208,2,68.26732280178479,135.2960796125446,93.5856516213765,9.48358532120738,73.75379675861076,118.60870964268037,0,0,0.0014937412242703,2,0.0141385859608547,3.483379727408616,3.438925340010425,0.1320184033355143,3.4394509152563058,3.4495179023892875,0,0,0.0001493763537232,0,884,79.87038391849649,8.160852487290482,47.931278842598665,0.0622152977931867,747.0,True,79.40871006808293,880,0.124,0.0438770436077615,4.597572560942757,strong_iq_imbalance,1,3.49,Tilt-up,,True
datasets_subject_21_to_30_scidata/GDN0028/GDN0028_4_TiltUp.mat,GDN0028,TiltUp,2018-05-23_12-30-08,v5,41.18,2000.0,2000.0,1000.0,100.0,200.0,1271700,1271700,635.85,True,,635.85,635.85,635.84,635.86,81389,79,157,-533.4519684154005,566.441738903961,1651.2391314924132,1157.7938566000144,-0.8699257931460068,1.4261944145579193,0.159888440786711,-2475.4319190979004,1587.1295928955078,-702.818372504014,936.6223740018506,-2116.161108016968,1118.2503747940063,0,0,0.0001572697963356,2,-1731.1639785766602,2634.1495513916016,661.1840232352074,984.9625585301384,-1053.4939813613892,2225.211157798767,0,0,0.0001572697963356,3,-0.75794678424185,28.061796899335707,17.181536294720022,4.151388703587758,0.836720631513895,25.7861273972907,0,0,0.0001572697963356,0,-0.753422024989908,27.8942747489866,17.0789666725138,4.12660591561966,0.8317256114182292,25.632190444277096,0,0,0.0001572697963356,0,-29.45700631401905,30.877582942724075,0.0232583733293296,2.787500423872635,-6.761183327355248,6.641870408252573,0,0,0.0001572697963356,0,-11599.824389552232,13824.49957052397,-0.0118821902415301,987.6381284787312,-2454.6608183813223,2452.25888987829,0,0,0.0001572697963356,0,433.5857705873067,2699.8925714193965,1335.8786017635732,250.6812209506328,958.1568320241164,2201.409646248709,0,0,0.0001572697963356,0,-0.7530832495692674,1.533205551533268,3.162071613051179e-05,0.0836720876636826,-0.2030276498524926,0.2110136581373068,0,0,0.0001572697963356,0,28.647696773976502,4.586804665882796,-16.91988796805736,16.778052090489286,0.0088088121084327,0.2494355898586823,-0.3149525610580309,0.529888733881509,49,0,0.0001572758563473,0,-17.201555857503706,17.329915928275213,0.0201650848166102,0.3924462227609046,-0.7093921093274336,1.3507998725975858,49,0,0.0001572758563473,0,-12.08569831065853,11.005149644638228,0.2113107859351675,2.2108516684541226,-6.69614326836097,8.687035828501218,132407,0,0.0003972628589021,0,34.76197010203384,38.531673978872064,36.78632749267902,0.8291699186973116,35.187186465485425,37.88446905081919,0,0,0.0031454453950679,2,61.56140939519805,125.91064568709642,89.2635554779806,9.266830540114254,70.26800373138528,113.6892243509203,0,0,0.0015726732299562,0,0.0168462174349575,3.473749310221792,3.425906273780255,0.243114733752193,3.4386012384610085,3.44804033635786,0,0,0.0001572697963356,0,785,75.5240688265826,11.044185852928496,71.55785469465893,0.0826453429624463,798.0,True,74.99347387951505,781,1.178,0.0243086738036233,2.221948601617725,large_sync_lag,1,3.01,Tilt-up,,True
datasets_subject_21_to_30_scidata/GDN0029/GDN0029_4_TiltUp.mat,GDN0029,TiltUp,2018-05-24_10-10-16,v5,42.73,2000.0,2000.0,1000.0,100.0,200.0,1290750,1290750,645.38,True,,645.38,645.38,645.36,645.38,82608,80,160,-524.1352442789082,403.8565695606619,1134.6289893357991,752.5389933771097,-0.8893383977177424,1.5077344819622094,0.2790916983335337,-1490.6830787658691,716.2818908691406,-114.48896955644902,376.8629148498671,-1011.585202217102,541.4910411834717,0,0,0.0001549486732519,3,-936.4471435546876,1572.3233222961426,-331.1762649784387,371.95582661559087,-727.3958444595337,1164.9020910263062,0,0,0.0001549486732519,4,-0.5688139478794846,20.747932788600263,17.735182317902247,3.675935042953496,0.3957047731751115,20.094832186972397,0,0,0.0001549486732519,0,-0.5654182659835902,20.62407264063777,17.6293075626474,3.6539905985136727,0.3933425112450042,19.9748708918728,0,0,0.0001549486732519,0,-17.434713842868405,47.78051007820704,0.0282054045066445,2.2455820146270047,-5.388283294767725,5.61249505233882,0,0,0.0001549486732519,0,-12492.191955965478,16743.574064420303,0.0082201600358253,1200.568598598526,-2948.822379233344,2944.047142150069,0,0,0.0001549486732519,0,40.1499225396346,2043.2534072990145,451.6842968018935,276.32967550555384,76.83600862696484,1703.988787684834,0,0,0.0001549486732519,0,-0.9472023408641176,1.1546395504497713,-4.115515377319351e-06,0.0683312045757317,-0.1410565129709188,0.1628182093123389,0,0,0.0001549486732519,0,21.18949090662137,3.39266561374878,-0.7723417984854364,0.2668235100519995,0.0076166641795804,0.0840296723729589,-0.2013830249417323,0.1650359409874924,0,0,0.0001549486732519,0,-1.7360978362335924,1.6165606678715698,-0.0110690431439624,0.2818146379428714,-0.7816320921832499,0.8946917313719606,0,0,0.0001549486732519,0,-2.312113509813238,3.089685141442873,-0.0026801983341049,0.4854079899204517,-1.1953467082630458,1.1662211919726408,0,0,0.0003098963861432,0,29.76416462750761,34.18378521101423,33.186692940468255,0.7436519284904938,29.984741905986667,34.01099548677,0,0,0.0030990454939878,2,39.22919629696347,90.88060311063246,62.78188978844999,6.8077098659954025,46.02977236384497,79.82714131398647,0,0,0.0015494747280671,2,0.0192266654863935,3.473303162046511,3.419246173845483,0.2891650962662181,3.438664648330744,3.4493619719384485,0,0,0.0001549486732519,0,974,91.41858198999084,7.193691771631249,23.92691304510837,0.0749177415593581,650.5,True,91.33555093055608,975,-1.2245,0.0164086447820827,1.935032754989354,large_sync_lag,1,3.14,Tilt-up,,True
datasets_subject_21_to_30_scidata/GDN0030/GDN0030_4_TiltUp.mat,GDN0030,TiltUp,2018-05-24_15-33-04,v5,42.29,2000.0,2000.0,1000.0,100.0,200.0,1313500,1313500,656.75,True,,656.75,656.75,656.76,656.76,84064,82,163,-929.179095026168,1274.244956670477,1335.668284801271,827.3964172598331,-0.8481697889752808,1.614302717462483,0.1801822044075635,-2661.6926193237305,1183.8412284851074,-1281.7738067708997,567.3399802470253,-2053.714799880981,-32.184829711913835,0,0,0.0001522649409973,2,-1160.2869033813477,3036.445617675781,1669.5811572610355,675.0267974717929,348.3752775192261,2734.986810684204,0,0,0.0001522649409973,4,-5.435594975076487,17.156997325212856,9.015427418900774,3.5521744487858444,-4.058576305055693,14.607125508365051,0,0,0.0001522649409973,0,-5.403145785813301,17.054574194728236,8.96160749450505,3.530968825204061,-4.034347584691925,14.519924496813347,0,0,0.0001522649409973,0,-33.73383914329429,28.324816115786007,0.0205999406632366,2.874692816828003,-7.490194900935853,7.629935714290078,0,0,0.0001522649409973,0,-13152.632015264477,16426.134707463323,-0.0064695978039797,1511.5913289649063,-4084.11084363664,4074.0059837076255,0,0,0.0001522649409973,0,313.2097477164777,3098.682978777424,839.9955526361231,268.22248608805006,431.2924459661698,1554.1392190993515,0,0,0.0001522649409973,0,-1.5798253343358128,1.4303116325944685,4.3527866459004245e-07,0.0800684048669757,-0.1891863435743599,0.2015763868211212,0,0,0.0001522649409973,0,22.457719980541537,3.595722741850943,-18.618690354971623,1.0095320876948597,-0.0815382930475382,1.212572346829861,-4.41193155414711,0.6936306025540117,80516,0,0.0001622081065123,0,-18.88091525346155,2.4307371803179443,-0.0925242213924914,1.3527199030562376,-4.40419674193968,1.4592448833779017,80566,0,0.0001622146846465,0,-4.7295644072545,6.446877667812172,-0.0001828907629225,0.485999507169822,-0.8548121131557012,1.3979111143228662,0,0,0.000304528954613,0,35.03872907749446,39.41407684490007,38.2636194637663,0.7531886825503197,35.17618445282014,38.9292799807717,0,0,0.0030452524514282,0,71.75852095564763,129.9758165141974,96.54935924161896,9.586377686659793,77.47340946404016,122.79259561501502,0,0,0.0015226262257141,2,0.0121443211814654,3.460394015459054,3.439500240776144,0.1126080079323795,3.43849852158436,3.4492397747046306,0,0,0.0001522649409973,0,836,82.0282815670594,7.766978972881681,42.33057473221983,6.546027062068567,722.5,True,82.01100659978646,834,-0.868,0.0070533487171757,1.2442994149457225,ecg_flatline;weak_radar_ecg_coupling,2,3.35,Tilt-up,ecg_flatline,False
datasets_subject_01_to_10_scidata/GDN0006/GDN0006_4_TiltUp.mat,GND0006,TiltUp,2018-02-16_13-30-52,v5,52.73,2000.0,2000.0,1000.0,100.0,200.0,1591300,1591300,795.65,True,,795.65,795.65,795.65,795.65,101843,99,197,1350.771083462792,716.8431327013291,1981.1672813836944,1591.124951749229,0.237260534631658,1.2451362032916813,0.2300599610409282,-1099.2140769958496,3999.999523162842,717.5907324770758,1280.55208852755,-863.7019300460815,3767.550549507141,0,0,0.0257650977188462,409,-1953.293800354004,3945.144653320313,531.1001338214403,987.1891075797812,-1165.612726211548,2665.291004180908,0,0,0.0001256834035065,2,-6.316558683908429,5.199837677086176,-2.2829429869490845,1.6311914233420952,-5.246530996830891,1.4966454803732931,0,0,0.0001256834035065,0,-6.2788503540630325,5.168795901954791,-2.269314368665301,1.6214536044900256,-5.215210473857424,1.4877108683068667,0,0,0.0001256834035065,0,-146.4245473963147,138.54580240727603,-0.0060427905700453,3.474227548169944,-8.557602686228233,8.576695648416269,0,0,0.0001256834035065,0,-68353.453470179,57631.400417686906,0.0119336216043614,1933.843436911205,-4943.742094306923,4947.797490598889,0,0,0.0001256834035065,0,52.920296319866665,4528.1768805787,1530.83885417406,520.469392094757,431.3466807647336,3184.6432446051726,0,0,0.0001256834035065,0,-0.7034028924123359,0.8933230838277013,-1.2393444335242424e-05,0.0796552514414628,-0.2077980929496846,0.2067029899991581,0,0,0.0001256834035065,0,11.447646256017824,1.832891407457807,-0.170764610978757,0.549913382853915,0.009261830541387,0.057870534198841,-0.072802548107555,0.2636609835795088,0,0,0.0001256834035065,0,-1.596329446705455,1.520195502487872,-0.0074826681402348,0.2179890106357168,-0.4399609443512204,0.6694655008779027,0,0,0.0001256834035065,0,-3.335574213591229,4.489416834316703,-0.0141385914695194,0.6040561633043173,-1.0244208052308006,1.8744667892734004,0,0,0.0002513668070131,0,29.0982801022866,34.14764525478081,32.7996182153094,1.3922191165734263,29.350048484001213,33.89922466306828,0,0,0.0025136680701313,2,54.80515627175605,89.9165417548768,70.57467030149652,6.931967559020653,57.97210185687232,85.94337667411449,0,0,0.0012568340350656,0,0.0241250201653158,3.4895939202662447,3.444039839976015,0.132098059846603,3.446853766295749,3.4520980682265225,0,0,0.0001256834035065,0,856,64.78268848090218,3.5456157544696065,26.536627949888803,0.0916861004751464,921.5,True,68.23025377307516,886,-0.3565,0.0275466635548087,0.9419533565258292,weak_radar_ecg_coupling,1,3.72,Tilt-up,,True
datasets_subject_01_to_10_scidata/GDN0001/GDN0001_2_Valsalva.mat,GDN0001,Valsalva,2018-02-06_11-45-49,v5,66.04,2000.0,2000.0,1000.0,100.0,200.0,2001050,2001050,1000.52,True,,1000.52,1000.52,1000.51,1000.53,128067,125,249,1453.5414800745075,-36.89199256528661,2470.26858135592,1949.973292421757,0.4523678118325258,1.2668217513317763,0.624484784593782,-2348.8011360168457,3999.999523162842,1737.2692373165237,1038.7455169081636,-1301.654577255249,3945.647959709168,0,0,0.1634641813048149,1621,-3764.4548416137695,2727.200984954834,-624.1772101002355,1043.5989062766466,-2897.661724090576,2130.142998695373,0,0,9.994752754803727e-05,2,-3.432041886094912,31.10199846399085,9.871916791959398,7.738690776440542,-2.155569921216497,25.48166345861196,0,0,9.994752754803727e-05,2,-3.411553424899455,30.91632704453282,9.812983832855288,7.692492661458575,-2.1427016893735606,25.329544081781886,0,0,9.994752754803727e-05,2,-735.4194785397326,503.4246621767111,0.0185351800902261,5.423159440176607,-14.63137490530461,14.640115870002326,0,0,9.994752754803727e-05,0,-237727.7522129548,252633.52482203115,0.0222035474900129,3127.031557572154,-8830.735435674282,8807.092842470645,0,0,9.994752754803727e-05,0,1.1521594754782565,4093.8047698046735,1238.569603118026,796.2639413603223,136.0221113671587,3427.836453095446,0,0,9.994752754803727e-05,2,-2.249707991191719,2.234235365923189,-6.539378058461439e-07,0.1468917338163925,-0.3554731688005588,0.3831431118209356,0,0,9.994752754803727e-05,0,34.32788046943227,5.496263226651116,-0.7685575164846579,1.0030414483182868,0.0054615474288445,0.0722891121628656,-0.1563420000342711,0.2019072510861559,0,0,9.994752754803727e-05,0,-1.0943576451630457,2.1172033760681463,-0.0121662403021618,0.2050599356573178,-0.4317396216360985,0.9160082144090832,0,0,9.994752754803727e-05,0,-3.810428280952145,3.188041206830681,-0.0080884274775841,0.7585053192497593,-1.6101160260665903,2.0894755833595307,0,0,0.000199895055096,0,24.31839769589753,28.353682752187503,25.178380056122688,0.7449339787629073,24.42837034781299,27.49381893521341,0,0,0.0019989805199348,0,83.68249596928477,174.91382038800947,112.23981422414587,15.733474035410843,91.56510750838552,162.12127929028463,0,0,0.0009994702807512,0,0.0221391492951053,3.4706178356253736,3.440075420634352,0.1833366641588571,3.4474057447444078,3.452701269345934,0,0,0.0002998425826441,0,1165,78.35953933129483,24.040212793857737,180.9479472489684,0.185552677620588,832.0,True,73.97325350815689,1219,0.1085,0.0132090493991298,1.1207337128441814,weak_radar_ecg_coupling,1,4.78,Valsalva,,True
datasets_subject_01_to_10_scidata/GDN0002/GDN0002_2_Valsalva.mat,GDN0002,Valsalva,2018-02-06_16-31-14,v5,65.35,2000.0,2000.0,1000.0,100.0,200.0,1986950,1986950,993.48,True,,993.48,993.48,993.48,993.48,127165,124,247,1005.4848243614532,-142.6294524213568,2885.3973776760454,2020.6725105033472,1.0328008760072978,1.4279391453478507,0.3060190857465264,-2914.867401123047,3999.549388885498,-720.1344941865246,797.6820423248712,-1898.1612730026245,2909.46102142334,0,0,0.0001006567855255,2,-2888.916015625,3940.4101371765137,64.68883874836985,933.43066365956,-2299.9186277389526,2498.390493392945,0,0,0.0001006567855255,2,-5.0157937034331805,22.397213119002213,3.69779772752746,7.314777209838383,-4.701018560223398,19.63506139258071,0,0,0.0001006567855255,0,-4.985850626376467,22.263507165781117,3.6757227681407296,7.271109756470638,-4.672954614751027,19.517844818085447,0,0,0.0001006567855255,0,-26.213645593697947,348.31907795703864,0.0172436671710884,2.194832139765391,-4.536551273878887,4.589855038005235,0,0,0.0001006567855255,0,-115398.46341580688,92162.93014897406,-0.0053142692583098,966.54416707161,-2306.778913234731,2303.517585193237,0,0,0.0001006567855255,0,3.768864283910977,5298.897140136275,968.874385483536,754.2359509208013,126.8819835673518,3903.944024326564,0,0,0.0001006567855255,0,-1.920407934299264,1.2748119748923403,-6.405362549987496e-06,0.0591973302662534,-0.1367818528871102,0.1565979898676519,0,0,0.0001006567855255,0,27.249357792157586,4.362915540802444,-0.3304106495549161,0.5288555779325458,0.0036470132019038,0.0747418233599551,-0.1714366129671197,0.2912737160510169,0,0,0.0001006567855255,0,-1.252972320491632,2.273509630160445,-0.0170642076952192,0.1934073119416292,-0.4995299193985137,0.8256763948227743,0,0,0.0001006567855255,0,-4.514263061872276,3.2934057913795924,-0.0081158592808945,0.573545805456623,-0.9778188123241864,1.5987818038948012,0,0,0.0002013135710511,0,23.986071503851708,27.829515595064965,24.89587255671207,0.6220324456317334,24.357801301151586,27.42761603012236,0,0,0.0020131255787736,0,68.33222256602488,121.46710060237024,89.38333917640666,7.549270395704033,75.81618682316903,107.7958385496702,0,0,0.0010065627893868,0,0.0187532267373081,3.4846182181565197,3.437605051923361,0.2041201842298397,3.447858776600488,3.4525422606779026,0,0,0.0002516419638138,0,1042,63.24618872081078,4.905219211472723,59.54241781478788,0.2066484846868238,955.0,True,63.28385533552051,1043,1.0385,0.0192961786240858,1.6570403244786005,large_sync_lag,1,4.65,Valsalva,,True
datasets_subject_01_to_10_scidata/GDN0003/GDN0003_2_Valsalva.mat,GDN0003,Valsalva,2018-02-07_18-02-18,v5,69.4,2000.0,2000.0,1000.0,100.0,200.0,2114250,2114250,1057.12,True,,1057.12,1057.13,1057.14,1057.14,135312,132,263,384.75496509215753,102.28790874310558,1575.591236269075,1500.953201876027,-0.0365008288503023,1.049727089625285,0.2451190025578099,-1874.8416900634768,2363.36612701416,461.7914837141106,1068.2585362499738,-1526.908884048462,2184.67622756958,0,0,9.459619250325174e-05,2,-2180.505752563477,1993.0362701416016,-74.76396603678451,990.8200182101828,-1661.2689638137815,1795.6674718856812,0,0,9.459619250325174e-05,2,-3.376905164253354,19.16748735161737,1.1946261792821056,3.7187946338667,-3.090592904007301,14.011129211369498,0,0,9.459619250325174e-05,0,-3.356745855971348,19.05306208122393,1.1874945495032068,3.6965943280200393,-3.0721428107723505,13.92748615377316,0,0,9.459619250325174e-05,0,-34.7927508734947,33.174195785286884,-0.0003349006751456,2.788350804471732,-6.953241169073431,7.30560718973914,0,0,9.459619250325174e-05,0,-20158.26509050571,19917.77843406436,0.0053171903060285,1566.6736049734948,-4114.630676386216,4100.450806663668,0,0,9.459619250325174e-05,0,348.3230027543404,2396.347736221152,1424.014596207098,308.3553770345176,749.4244163380123,2173.32203231144,0,0,9.459619250325174e-05,0,-0.6597341124936418,0.7794215080537643,-2.7261536471619764e-05,0.0501482260942349,-0.1149975080339297,0.1156507578557986,0,0,9.459619250325174e-05,0,22.40980793719528,3.588051507904757,-0.7668730515009606,0.7686251108342869,0.0050041312149805,0.0958371464039146,-0.1807021801889099,0.4774999360172955,0,0,9.459619250325174e-05,0,-1.929566064475689,2.197403198849301,-0.0101224254249427,0.2727617763470731,-0.269730513290062,1.4895878846061326,0,0,9.459619250325174e-05,0,-3.3817229160805,3.903804337959636,-0.0096070644611134,0.5606235223844211,-0.9360045598707916,1.8431601217237543,0,0,0.0001891918481016,0,22.837464479307947,25.34187033032742,23.742209610806185,0.4238592581439974,23.02991102194211,25.047480306375807,0,0,0.001891897005127,0,93.93238001949892,158.32504399609235,118.23425774117008,11.452136964744922,100.9149981974464,147.39787799979544,0,0,0.0009459485025635,0,0.0213937083632197,3.499457648404554,3.4462130509738724,0.1194241619077435,3.448372335420669,3.4531026753414644,0,0,9.459619250325174e-05,0,1114,65.40133323209861,12.625517768798035,118.04616293100683,0.1816720736299272,944.5,True,65.41275373070161,1115,1.5655,0.0269958855150463,2.6844689328565754,large_sync_lag,1,5.1,Valsalva,,True
datasets_subject_01_to_10_scidata/GDN0004/GDN0004_2_Valsalva.mat,GDN0004,Valsalva,2018-02-09_16-31-53,v5,71.73,2000.0,2000.0,1000.0,100.0,200.0,2176550,2176550,1088.28,True,,1088.28,1088.28,1088.29,1088.29,139299,136,271,219.9458280847637,189.45151132830512,1766.074499323079,1132.6621254323254,0.5145064940822088,1.559224467445653,0.5789505521359043,-1884.5529556274412,2743.9866065979004,700.5860716528015,595.9876086324482,-935.707459449768,2214.385633468625,0,0,9.188853920194804e-05,2,-2098.0191230773926,2402.3890495300293,-248.35974917504143,622.3205660645737,-1454.3154382705688,1610.5916881561218,0,0,9.188853920194804e-05,2,-3.147029995740246,32.22376201466477,5.154634098733788,2.46455693337779,-2.140833547257887,14.418418538534702,0,0,9.188853920194804e-05,0,-3.1282429866976416,32.03139393772376,5.123862178048157,2.4498441236949917,-2.128053288008536,14.332344062018697,0,0,9.188853920194804e-05,0,-384.680557657658,1028.914182412082,0.0023991636133989,6.762747383315792,-18.04447405495851,18.559437910304023,0,0,9.188853920194804e-05,0,-242541.96596595523,426396.6412563484,0.015057744617103,4030.632860427972,-11380.677576453108,11351.478453591588,0,0,9.188853920194804e-05,0,0.2465939168655954,2775.445784886722,720.8363769928629,472.10066108210265,50.44303302084482,2172.78955288355,0,0,9.188853920194804e-05,0,-5.758761005733493,9.556792902219213,-1.3301349954249204e-06,0.1972629099887164,-0.3591761679976263,0.3597564297393802,0,0,9.188853920194804e-05,0,35.1596369244214,5.629436389531278,-0.3182951510427502,0.6471049711898491,0.0046495338160586,0.0529577382552436,-0.1325735159888526,0.1365690070515272,0,0,9.188853920194804e-05,0,-1.8516875958876016,3.201579812440848,0.0269331563814082,0.4008302058818092,-1.1406004420350533,1.4659839447320515,0,0,9.188853920194804e-05,0,-10.164610457274604,3.5345609031991447,-0.0090262196875717,0.9220442620203552,-1.5961745799654043,2.5701972320177218,0,0,0.000183776571795,0,40.85076880536345,44.009741324867655,41.81804579581545,0.4825075557454595,41.11955783838576,43.234260549024654,0,0,0.0018377454538771,0,4.269287035827301,195.65144522394968,105.72414580523896,21.102123302779518,24.994954827227826,175.008491059979,0,0,0.0009188727269385,0,0.0201888209955817,3.5023589611590533,3.44524504464974,0.1224160483827797,3.447357866501967,3.4526116552273787,0,0,9.188853920194804e-05,0,1272,70.46923745277772,3.532655383082423,51.79176030346169,0.1540512067497676,856.5,True,70.5164306484632,1276,-0.0465,0.0332146594488306,1.0482795157066296,weak_radar_ecg_coupling,1,5.26,Valsalva,,True
datasets_subject_01_to_10_scidata/GDN0005/GDN0005_2_Valsalva.mat,GDN0005,Valsalva,2018-02-16_10-16-51,v5,71.84,2000.0,2000.0,1000.0,100.0,200.0,2165950,2165950,1082.97,True,,1082.97,1082.98,1082.97,1082.97,138621,135,269,683.1698914476096,1474.2911756718272,3194.435517463717,1769.5501148938502,0.2267201133711927,1.805224667319095,0.4730336341765777,-3615.957260131836,3763.329029083252,517.8687128669219,1300.989957254101,-2409.0208292007446,3424.3619585037227,0,0,9.233823495463884e-05,2,-2639.6493911743164,3937.289237976074,532.1151284789106,1036.1854413707983,-1284.9059200286863,3622.115254402153,0,0,9.233823495463884e-05,2,-130.00526003298353,8.942931873222676,-67.87624488146558,45.38884804742867,-128.68512004364192,6.668900634933468,0,0,9.233823495463884e-05,0,-129.22916002785746,8.889544729726412,-67.47104009215879,45.11788758634163,-127.91690095542828,6.6290889087337455,0,0,9.233823495463884e-05,0,-459.3802827267191,334.4248394575436,-0.11610585219458,6.531434578619212,-18.4146052083034,17.086688510386715,0,0,9.233823495463884e-05,0,-214783.0329299616,249152.11944482892,-0.0067398996726633,3672.9714196798486,-10074.652188536817,10103.224801736187,0,0,9.233823495463884e-05,0,0.2201613746767,4295.497103872043,1391.6432449437398,910.8151385365102,69.29781088317714,3561.42055953842,0,0,9.233823495463884e-05,0,-2.387326523507387,1.804331041165228,-5.654825483401214e-05,0.2092059093081583,-0.6892264741829096,0.6621593035411766,0,0,9.233823495463884e-05,0,138.11870475758388,22.114291575554,-0.4224073735899688,0.4179889284620056,0.0078624296239368,0.0588575565461668,-0.1316364759312671,0.1805540376389584,0,0,9.233823495463884e-05,0,-0.6799025053921359,1.426480689525021,-0.0107279658785482,0.1784310922481053,-0.2801622979936353,0.8780143828467548,0,0,9.233823495463884e-05,0,-10.747465368103487,11.716513882783085,-0.0092812064079227,0.7254887330939594,-1.2652175350721393,2.067832376968435,216,0,0.000184712799304,0,40.85919179794158,44.87432259854701,42.18747672804623,0.3988366435145517,41.30400109754555,43.63669400426071,0,0,0.0018467732254817,0,4.1954268009182565,195.74196533212907,118.00936255377567,21.633251687625485,24.994546822104923,175.01464493883313,0,0,0.0009233866127408,0,0.0272419072280282,3.501093588164172,3.441221602468237,0.1708553544521112,3.447174842643827,3.4530372698246765,0,0,9.233823495463884e-05,0,1135,63.33387443985068,5.496435055814389,44.28610195225282,0.0993098175441804,957.0,True,63.32881088043539,1135,-1.054,0.0135475010736767,0.8129756993298025,large_sync_lag;weak_radar_ecg_coupling,2,5.16,Valsalva,,True
datasets_subject_01_to_10_scidata/GDN0007/GDN0007_2_Valsalva.mat,GDN0007,Valsalva,2018-02-19_09-40-52,v5,65.64,2000.0,2000.0,1000.0,100.0,200.0,1983050,1983050,991.52,True,,991.52,991.52,991.51,991.53,126915,123,246,1570.7419946520035,655.8060937827405,1884.5822112097976,1577.3229732457771,-0.2742456131064132,1.1947979222871203,0.302847712996717,-1390.5510902404783,3951.682090759277,1757.9146621922243,1107.3814872674518,-609.7049570083618,3656.621170043945,0,0,0.000100854743955,2,-1806.365966796875,3760.5276107788086,1421.0926922301635,813.9753254128119,-980.4342985153198,3162.1281814575195,0,0,0.000100854743955,2,-26.30353875891761,8.132097543665965,-11.805991624772142,7.267265500022164,-24.58701503382938,2.842904308033145,0,0,0.000100854743955,0,-26.14651298503392,8.083550885294423,-11.735512706010091,7.223881680087585,-24.44023649203078,2.8259328558974577,0,0,0.000100854743955,0,-697.3885612343656,1164.182989103616,-0.0252515834402518,5.242698596766265,-10.359401575123917,9.78943680273763,0,0,0.000100854743955,0,-551984.013215766,572536.1580684119,-0.009957862327277,3118.768865973808,-5975.258220606336,5998.906448316408,0,0,0.000100854743955,0,1.496091119381852,3375.966235143031,1248.029226447626,575.5628885327014,171.93494976085643,2807.4818827724007,0,0,0.000100854743955,0,-1.6552290050851264,1.5789875314967003,-5.501724876580891e-07,0.1111759318163142,-0.2608724035212754,0.2701856376581702,0,0,0.000100854743955,0,34.230063870328344,5.480601736070894,-0.2417088876905098,0.3440526576305652,0.0058894644587744,0.0682755478851481,-0.110050666239814,0.2333437650180974,0,0,0.000100854743955,0,-0.575692234718899,1.328209888928293,-0.0139990554869783,0.221511636787177,-0.3010932570787005,0.8867466166032953,0,0,0.000100854743955,0,-2.6392830106029286,3.179504331103039,-0.0114290503940667,0.6934306018290608,-1.2745872289946765,1.876438275893315,0,0,0.00020170948791,0,25.88189987971636,28.68160701080297,26.530406514984136,0.3281934099852575,25.989223477621543,27.640128564498603,0,0,0.0020171253946001,0,30.4064395230263,128.4423512940781,77.26966073042911,12.072589497286897,56.13459814998853,117.06559700876454,0,0,0.0010085423537361,2,0.0243976053996879,3.493785096319638,3.4232634307476406,0.3029349721058907,3.4475335833453205,3.45355284782436,0,0,0.000100854743955,0,1945,91.88597130936478,28.84728174722813,242.48334590171388,0.1966668498862105,670.5,True,60.99763823421926,985,1.829,0.0163262854060574,1.00894031226601,large_sync_lag;weak_radar_ecg_coupling,2,4.66,Valsalva,,True
datasets_subject_01_to_10_scidata/GDN0008/GDN0008_2_Valsalva.mat,GDN0008,Valsalva,2018-02-19_12-03-01,v5,65.36,2000.0,2000.0,1000.0,100.0,200.0,1975100,1975100,987.55,True,,987.55,987.55,987.54,987.54,126406,123,245,1408.5299676670022,1080.792023186115,1564.494533889184,1216.0105653695084,-0.0703583288036728,1.286579720969597,0.3193854840845729,-1838.222980499268,3999.999523162842,1469.5621857117546,688.9413254875114,191.32984638214117,2713.8081312179565,0,0,0.0036453850437952,70,-2166.9301986694336,3815.390110015869,224.83968385255375,547.6365197754068,-411.5605401992798,1986.114239692688,0,0,0.0001012606956609,2,-4.384047847873141,16.313669127769096,-0.5767382749835467,3.0549262250269464,-2.653147976341603,12.89176273577958,0,0,0.0001012606956609,0,-4.3578761410026345,16.216280462952966,-0.5732952867686273,3.036689053251733,-2.6373093236785,12.814802025706896,0,0,0.0001012606956609,0,-45.63821196490471,44.57058835414591,0.0024648848283143,3.3250116120717674,-8.760978184806742,9.012783824289796,0,0,0.0001012606956609,0,-41796.85019019197,27605.894407582357,-0.0112954304264686,2056.0043763885096,-5477.266232087492,5488.084799168426,0,0,0.0001012606956609,0,0.5294535182056734,4138.789966186208,772.910052406797,420.8989886477892,102.3881372992131,2243.973918792022,0,0,0.0001012606956609,0,-0.7064666566175873,1.1067437858846756,-9.531604061869016e-07,0.0495915392732486,-0.1197731098027336,0.1156658773506753,0,0,0.0001012606956609,0,20.5741566039556,3.294143967390496,-1.2751120976189911,0.6726367918313809,0.0106007669116178,0.1028745653483171,-0.2356255814823806,0.3039779392828186,0,0,0.0001012606956609,0,-1.3215873932875049,3.617400967155392,-0.0094289166759563,0.2834979471534657,-0.509762118111595,1.4783896696861627,0,0,0.0001012606956609,0,-2.4660605578745405,2.80074292530713,-0.0110999343616733,0.5365601120688326,-0.920904151099069,1.7037239116606162,0,0,0.0002025207761001,0,21.430324346340623,25.044162425191743,22.00668333226428,0.714795868509906,21.507826218813676,24.877309560831065,0,0,0.0020252344208842,2,56.4869165788256,119.25813877094048,78.19327210908718,10.320125976482297,62.198105992203935,106.18666584324455,0,0,0.0010126120834999,2,0.0241431168631578,3.5036419330459045,3.424787200934845,0.2882172162050028,3.4466749234524823,3.452523803860716,0,0,0.0001012606956609,0,948,59.36241076104047,10.783214462414533,93.36483578470649,0.0324034390174872,1054.75,True,59.053373879505855,953,-0.558,0.0228836296879485,1.0143934432196111,weak_radar_ecg_coupling,1,4.98,Valsalva,,True
datasets_subject_01_to_10_scidata/GDN0009/GDN0009_2_Valsalva.mat,GDN0009,Valsalva,2018-02-19_15-09-07,v5,64.6,2000.0,2000.0,1000.0,100.0,200.0,1953350,1953350,976.67,True,,976.67,976.67,976.68,976.68,125014,122,243,652.6651327365491,717.2990421249918,2488.785926288907,2398.437507958052,1.347729817575313,1.0376696987230554,0.1634672402179456,-2523.984432220459,3807.4140548706055,-396.0317800952319,1354.9284489800473,-2113.899664878845,3242.5108337402344,0,0,0.0001023882048787,2,-2488.870143890381,3727.137565612793,-315.53231547364413,1331.0302909246927,-1867.9600429534912,3473.9834117889404,0,0,0.0001023882048787,2,1.2635355158624504,17.21405061243509,3.953160321195597,2.6293939359425558,1.8282142794640133,14.484231130641176,0,0,0.0001023882048787,0,1.2559925139863033,17.111286887604564,3.929560908796705,2.613697089163851,1.8173002817434325,14.39776376884454,0,0,0.0001023882048787,0,-39.97437710709437,81.67282551511835,-0.0004391542265964,2.4851347551248173,-6.1350411743504445,6.899802683366472,0,0,0.0001023882048787,0,-32864.0615646505,39421.18977046362,0.009397752670397,1013.063012527503,-2439.178375239587,2444.387533949934,0,0,0.0001023882048787,0,94.76896695939443,4631.297670232266,1651.4598964119657,938.1646698514726,643.6698887686791,4303.507890403122,0,0,0.0001023882048787,0,-1.051668771020155,1.4131566244955651,-4.6397241755710476e-08,0.1111920679510126,-0.3603468630168817,0.3639171012721643,0,0,0.0001023882048787,0,15.85529437361826,2.5386033224814364,-0.2667950815284039,0.6552643799201621,0.0066054142637228,0.0878478646128401,-0.1520306613829175,0.3990080872418509,0,0,0.0001023882048787,0,-1.4657603784529365,2.684503907431727,-0.0122069354996039,0.2753407297055727,-0.591921945787148,1.073212211829404,0,0,0.0001023882048787,0,-4.659673006790755,4.171960112220361,-0.0108331914254236,0.5432234213773088,-1.0946742807148122,1.668233715541697,0,0,0.0002047764097575,0,16.362705997204795,20.120381044065315,17.233195284397294,0.7222851309223658,16.411076896948007,19.371107370222436,0,0,0.0020477536142851,0,59.40162103540336,138.96056878467428,84.28718619913543,13.202703754934994,65.71747717144868,125.11883737762751,0,0,0.0010238768071425,0,0.0213702557475862,3.4978573087654703,3.417993151543151,0.326539351453998,3.4457775607766896,3.45286060657434,0,0,0.0001023882048787,0,877,57.9292348545434,8.609129182667605,165.8634005548264,0.0935828671681302,1088.0,True,58.1115477454374,929,1.4105,-0.0027492375059345,2.887731732179016,large_sync_lag,1,4.36,Valsalva,,True
datasets_subject_01_to_10_scidata/GDN0010/GDN0010_2_Valsalva.mat,GDN0010,Valsalva,2018-02-20_09-57-59,v5,65.61,2000.0,2000.0,1000.0,100.0,200.0,1983300,1983300,991.65,True,,991.65,991.65,991.68,991.65,126931,123,246,741.406155782566,838.8901335581327,1766.223112937202,1466.0948230672948,1.0991152350996556,1.2047127410504,0.2201415606766911,-1867.788314819336,2662.7511978149414,268.0525710536692,810.2555905722731,-1014.0912008285522,2191.408257484436,0,0,0.0001008420309585,2,-1691.5230751037598,3614.795684814453,1893.7493417428084,660.7342390158121,-422.87309169769264,2739.486770629883,0,0,0.0001008420309585,2,-0.941908548250734,12.742620700600572,1.315458014241759,1.5304266806916131,-0.4172053524583751,8.259512067475884,0,0,0.0001008420309585,0,-0.9362855816958406,12.666550332458955,1.3076050475899703,1.5212904030177052,-0.4147147372625021,8.210204775168785,0,0,0.0001008420309585,0,-22.141317517547577,24.8056336143672,0.0017468229146807,2.4963921234218867,-6.224489626958651,6.5262876243191945,0,0,0.0001008420309585,0,-14792.147746768853,15337.410111547462,-0.0061144453862894,1485.2647881948062,-3845.100901610526,3833.0962115853736,0,0,0.0001008420309585,0,26.32690548541413,3624.457389986909,916.410130375179,503.2656650390264,212.51559861257067,2687.2759008318462,0,0,0.0001008420309585,0,-0.906211210368758,0.9650420340718696,-7.385690959764344e-07,0.0568498723611933,-0.1289113454889599,0.1262200741847698,0,0,0.0001008420309585,0,13.602835914154795,2.1779604738403067,-0.4616932049619452,0.5982204104718475,0.0071795364468359,0.0727065030704491,-0.1554991813999801,0.2372537368227943,0,0,0.0001008420309585,2,-0.5745487019941464,1.9971023637344527,-0.0111640775834587,0.267262640515875,-0.2656674806527174,1.2364587456132057,0,0,0.0001008420309585,2,-2.938883393125882,2.8957453150930124,-0.0137325772276518,0.5474403410060377,-0.92327188134781,1.756638712854176,0,0,0.000201684061917,2,24.057943880962988,27.26435854707544,24.582744772076055,0.5974402499657776,24.125017198343592,27.14642957435814,0,0,0.0020167796063246,2,68.93262622923773,123.62701824047048,86.87526102737948,9.113660564619927,73.17745750716972,111.84933073775989,0,0,0.001008420309585,0,0.0250275097820773,3.4947614293573945,3.4210868786942754,0.3149412730228786,3.4471639030514885,3.4542228509065587,0,0,0.0001008420309585,2,773,48.11965347204121,5.821860622371669,97.53870156441523,0.2046590050214314,1292.5,True,48.26298375793712,788,-0.4185,0.0224998193945753,1.4326984183794005,,0,4.74,Valsalva,,True
datasets_subject_11_to_20_scidata/GDN0011/GDN0011_2_Valsalva.mat,GDN0011,Valsalva,2018-02-20_12-03-24,v5,64.96,2000.0,2000.0,1000.0,100.0,200.0,1951950,1951950,975.98,True,,975.98,975.98,975.96,975.99,124925,121,242,2156.8684754394985,1916.393240350402,5064.494068114502,2301.872856252793,0.5839357019213427,2.200162382712556,0.2509071087585163,-3924.326419830322,3999.999523162842,-929.7794324457196,950.064401780874,-3844.283833503723,2996.7068386077885,0,0,0.003739849893696,63,-3768.714427947998,3972.930908203125,1551.7787065632767,1309.00065473162,-1560.2383279800415,3779.1970014572144,0,0,0.0001024616409231,2,-1.6760058936054605,35.407612909574645,6.557056842341885,3.561665755993198,1.7827391585554504,15.150949547466938,0,0,0.0001024616409231,0,-1.6660005431889582,35.19623801171551,6.517912796572796,3.540403471599611,1.7720966363241015,15.060502037739482,0,0,0.0001024616409231,0,-1354.790553538493,1912.213718864372,0.00741519510658,4.978671318996685,-7.156203703446604,7.330335397005928,0,0,0.0001024616409231,0,-886432.1546228634,1079783.4972517146,-0.0180992468332312,2666.530878996524,-4011.5892302984903,4078.0543442436256,0,0,0.0001024616409231,0,27.83453614001872,5410.609841452639,1377.8150896521445,847.189860861137,296.6651188941472,4467.713182948173,0,0,0.0001024616409231,0,-3.876768321454074,3.173708733254525,-4.196207728047038e-06,0.1381861585459924,-0.2542723641727808,0.2631577188806273,0,0,0.0001024616409231,0,36.86223855490447,5.902041240261671,-0.5530369816777471,0.5360917214118701,0.010373016381757,0.0899392759006415,-0.1244721762957992,0.2779481473713131,0,0,0.0001024616409231,2,-0.6744936867114281,2.476991885858929,-0.0044343897247486,0.3039669538857276,-0.3583004557226102,1.555850650432733,0,0,0.0001024616409231,2,-2.989052011671835,2.7400146194881705,-0.0116085033270763,0.6693832365208366,-1.228084177511111,1.9153975809198784,0,0,0.000204922651945,2,27.70873743391213,30.44458418979977,28.54684000412936,0.3013102418273332,28.17797725872667,29.61357119965697,0,0,0.0020492643141112,0,65.34985717368775,115.19275858584074,84.52525701930621,7.736369589212839,71.13046051447141,105.97773248841536,0,0,0.001024600661892,2,0.0221391492951053,3.490486470814731,3.428149430286261,0.2686183170396627,3.446427671239718,3.4534778258224117,0,0,0.0001024616409231,2,1004,63.3493234340562,12.21601707884085,183.92211676442105,0.0870924394028737,985.75,True,63.299291364701,1004,-0.465,0.0202530826702554,1.5012155386707555,strong_iq_imbalance,1,4.65,Valsalva,,True
datasets_subject_11_to_20_scidata/GDN0012/GDN0012_2_Valsalva.mat,GDN0012,Valsalva,2018-02-20_14-56-39,v5,65.17,2000.0,2000.0,1000.0,100.0,200.0,1960650,1960650,980.33,True,,980.33,980.33,980.34,980.34,125482,122,244,789.0887783390458,1286.9946772638707,2464.9444656928986,1761.57870917496,1.3029929153241406,1.3992814813522363,0.2321677404450341,-2152.3642539978027,3301.3715744018555,-472.2369211789489,913.652701872656,-1558.3730125427246,2570.9404134750366,0,0,0.0001020069874786,2,-2351.76944732666,3871.5977668762207,729.6128369895276,1010.0127314347476,-1511.6145038604736,3327.4985504150395,0,0,0.0001020069874786,2,-4.522211838203762,10.753883236281617,2.1203075115954304,1.3888400367897404,-3.0839689721908123,7.270263583020205,0,0,0.0001020069874786,0,-4.4952153256786485,10.689685150506584,2.1076497878217864,1.3805489971856633,-3.0655584222290755,7.226861865254184,0,0,0.0001020069874786,0,-52.42235695616091,52.17336641164911,0.0006863333548765,2.7563435254614976,-7.204208153573777,7.225417654796638,0,0,0.0001020069874786,0,-38351.363591906265,34825.38499741227,-0.0129256291746266,1607.5220305975913,-4202.407141191994,4211.181942573894,0,0,0.0001020069874786,0,130.6094355551049,4004.956508786895,1167.7746334849378,700.8490441518813,272.39674433540176,3564.139083105953,0,0,0.0001020069874786,0,-0.8027920501784267,0.7189435226817101,-3.53486427514296e-06,0.0731258849393122,-0.1944783401182858,0.2038836994987927,0,0,0.0001020069874786,0,15.184900476185232,2.4312660422461034,-0.457411533259945,1.6643290710003953,0.0076451558906079,0.1313601974217245,-0.2735365570862368,0.3719148776836716,0,0,0.0001020069874786,0,-1.879369145424783,5.3381365692284,-0.0086243597018256,0.4363489824528787,-0.6585233605421686,2.177750499631516,0,0,0.0001020069874786,0,-2.124766916495054,2.6317779232320286,-0.0121224836991317,0.5187764233738843,-0.85134787069511,1.4991119814739928,0,0,0.0002040133506336,0,21.45054733491277,23.517713273267542,21.899960173787544,0.3679826380807395,21.54929890884852,23.310854434405808,0,0,0.0020401085337739,2,51.07138474668774,131.75095141183806,76.33795338859193,11.683146168865576,61.42433952408501,110.44145125856524,0,0,0.0010200542668869,2,0.0198064884065765,3.496757522015207,3.4049031811189128,0.385390934267488,0.0491833873051699,3.4536082154124625,0,0,0.0001020069874786,0,1068,66.31524604266606,10.245292594170406,114.0117690879588,0.0737510895626907,927.5,True,66.12665559627156,1074,1.364,0.0238163588390339,1.261607237652986,large_sync_lag;weak_radar_ecg_coupling,2,4.68,Valsalva,,True
datasets_subject_11_to_20_scidata/GDN0013/GDN0013_2_Valsalva.mat,GDN0013,Valsalva,2018-02-21_12-03-45,v5,66.86,2000.0,2000.0,1000.0,100.0,200.0,2018900,2018900,1009.45,True,,1009.45,1009.45,1009.44,1009.45,129210,126,251,374.3138611214333,1303.9500220608004,1673.5402064595817,981.045444600498,-0.1906161605753462,1.7058742952943244,0.2454018274900462,-2273.5862731933594,2446.51460647583,800.0912579519858,524.5360609805667,-699.928617477417,1915.5913591384888,0,0,9.906384664916538e-05,2,-1104.231357574463,3348.909854888916,527.0608898049755,479.0442231079609,-14.232201576232905,2258.462271690369,0,0,9.906384664916538e-05,2,-2.336367379394716,12.392308864082905,-0.2959743239228103,2.53440675238155,-1.5250245523906758,11.004924810953398,0,0,9.906384664916538e-05,0,-2.3224198303904333,12.318329773002294,-0.2942074286890684,2.5192769561485693,-1.51592052411807,10.939228067606043,0,0,9.906384664916538e-05,0,-420.7102549449928,357.3925250262537,0.0003637669911764,3.89602089360429,-10.332429991285824,9.928329546612018,0,0,9.906384664916538e-05,0,-227039.55680336957,262153.33499906294,-0.0022033176943093,2260.9263916284726,-5374.25283496392,5377.362632181813,0,0,9.906384664916538e-05,0,0.3583086822059138,3154.8997087587045,563.1202209211777,433.0324049673452,81.64470205027592,2051.835328527293,0,0,9.906384664916538e-05,0,-1.1004817758024592,1.3025349774582493,7.120006808126215e-06,0.0941939647061279,-0.2556613152664319,0.3092797059452111,0,0,9.906384664916538e-05,0,14.640749603392727,2.344141629349631,-0.1837363024644243,0.1886679868481239,0.0068785616732215,0.0443779242369169,-0.1008377326225456,0.1190391848007339,0,0,9.906384664916538e-05,0,-0.3970845411805833,1.1811222459773496,-0.0093476413646476,0.1232465294299477,-0.1971509474193515,0.6040154624473055,0,0,9.906384664916538e-05,0,-2.737835297320629,2.2766376988630386,-0.0124465826993301,0.5715892809837727,-1.2907107394592932,1.3803021876962138,0,0,0.0001981271044813,0,23.99787954036297,26.562930813485146,24.49071908209616,0.3276351855725291,24.101472118154376,25.541150763441667,0,0,0.0019812965604691,2,73.17882616527392,124.50325531596648,90.91082032371884,9.128055078169629,76.20220622860421,113.00036710779466,0,0,0.0009906433733388,0,0.0275506766739448,3.4898408803741554,3.420498426328702,0.3124346094107834,3.446457383466438,3.4524813421992486,0,0,9.906384664916538e-05,0,1116,66.45039802124688,3.0659151232195647,26.543856193398103,0.0513150979816226,910.5,True,66.45016167499853,1116,0.837,0.0205248610312336,1.453162042456389,,0,4.65,Valsalva,,True
datasets_subject_11_to_20_scidata/GDN0014/GDN0014_2_Valsalva.mat,GDN0014,Valsalva,2018-02-21_15-06-21,v5,65.17,2000.0,2000.0,1000.0,100.0,200.0,1967000,1967000,983.5,True,,983.5,983.5,983.52,983.5,125888,122,244,649.37668299403,931.017002016933,1457.8219908738108,1327.8461884200087,0.9216544493419798,1.0978846824182695,0.2588484817912522,-1248.4641075134275,2544.990539550781,1187.2820883936608,618.9606285595788,-665.734395980835,2117.669625282288,0,0,0.0001016776817488,2,-784.1596603393555,2672.249317169189,73.75157046742287,622.0722696438219,-682.1022129058838,2224.658036231994,0,0,0.0001016776817488,2,-4.228580305127846,9.192442896252564,-1.650156239647416,1.2612917773074186,-3.1663870663009006,3.776650200625742,0,0,0.0001016776817488,0,-4.203336701940921,9.137566232207645,-1.6403052054221536,1.2537621700085655,-3.1474845002219305,3.754104511018096,0,0,0.0001016776817488,0,-20.69938034786685,18.679678261801484,0.0002737305621761,2.5093848538199333,-6.176468521701015,6.152678412044992,0,0,0.0001016776817488,0,-13695.172791368588,12345.234301701264,-0.0035145158244932,1509.6111750164075,-3702.113200111453,3704.726927197606,0,0,0.0001016776817488,0,0.6290318394286649,2874.898512154934,736.3708055159141,477.3302893705041,103.22035863675497,2373.551975461205,0,0,0.0001016776817488,0,-0.3949937901866076,0.3920834900368347,-1.7123415721189442e-05,0.0524027896092363,-0.1278822672181022,0.1169125982559993,0,0,0.0001016776817488,0,13.340902934148565,2.136022183850706,-0.372473342319958,0.7285996271201312,0.0083679264496767,0.1540566285285612,-0.2241554402344303,0.4179942110130775,0,0,0.0001016776817488,0,-0.7031190200848012,2.255593862718879,-0.0110001024131247,0.3211343670188643,-0.4033233978229373,1.4928695863970476,0,0,0.0001016776817488,0,-2.5220871897020136,4.161910474562875,-0.0142571772404771,0.8801597587419481,-1.7117928298197538,2.3171763457260486,0,0,0.0002033547431985,0,36.66282762319898,40.05667776944835,37.38925609446547,0.5211718348540081,36.768016308196906,39.83119582498106,0,0,0.0020335122824141,2,22.44952898167426,111.90433576752416,69.33160974895988,15.409337875617863,46.06509347513903,105.26933060184908,0,0,0.0010167819866903,2,0.0251450832802587,3.480863077769396,3.420966912644972,0.3077664586423567,3.4463008598204707,3.452122710014267,0,0,0.0001016776817488,0,1271,78.90821083041352,3.050775283678795,35.022176390349,0.0583121801282054,761.5,True,78.88650878031802,1291,-0.7285,0.0286620611363307,1.4522242983881315,,0,4.72,Valsalva,,True
datasets_subject_11_to_20_scidata/GDN0016/GDN0016_2_Valsalva.mat,GDN0016,Valsalva,2018-02-23_10-13-23,v5,65.78,2000.0,2000.0,1000.0,100.0,200.0,1982750,1982750,991.38,True,,991.38,991.38,991.38,991.38,126896,123,246,-347.0744798867646,200.6925597037048,3185.855352493401,2661.9779835790964,0.3182915440093961,1.1968000382219308,0.1631251650180059,-3958.6801528930655,3781.6977500915527,-100.97638474549672,1929.1307532876292,-3781.314196586609,3091.916570663452,0,0,0.0001008700037826,2,-3528.412342071533,3644.6876525878906,-1043.6993428479077,1683.2370658906684,-3068.150997161865,3128.04151058197,0,0,0.0001008700037826,2,-3.169367874123429,30.874559818443288,7.3667718238738304,6.3072608153025325,-2.5655324290009136,24.94181376802621,0,0,0.0001008700037826,0,-3.150447513341646,30.690246152771,7.322793975217396,6.2696079914872085,-2.550216819995605,24.79291716347108,0,0,0.0001008700037826,0,-189.14934403004645,106.14197528301064,0.0096912311600234,2.730185551549417,-5.995244017899836,6.580759538188397,0,0,0.0001008700037826,0,-76223.99149174034,80780.53528769454,-0.0071843187287215,915.0237654459322,-2171.216795007368,2167.825171457985,0,0,0.0001008700037826,0,10.149282036102974,5256.818179106789,2409.7935225435235,864.7124735862192,939.8736629687702,4347.443399137484,0,0,0.0001008700037826,0,-1.2977985427168046,1.4308884398706896,7.599652866682345e-07,0.0943155230409757,-0.2530114579953728,0.2496761628702742,0,0,0.0001008700037826,0,33.84069366611264,5.418259374535056,-0.2648997306526716,0.3166335258012975,0.0037666857905117,0.0480944044500892,-0.1017743250436386,0.1371737348239868,0,0,0.0001008700037826,0,-0.4546921051457001,1.9843455044666647,-0.0103039785300032,0.2243415324511016,-0.2831993823581096,1.100887110253975,0,0,0.0001008700037826,0,-2.184891071974081,3.627766207688248,-0.0145378285320488,0.6495291929898915,-1.3137272170391212,1.8157610863735545,0,0,0.0002017400075652,0,24.847997465110367,27.550531165020875,25.469815188407352,0.446492995565125,24.964569314992197,27.104807356001636,0,0,0.0020173899009461,2,54.25149996790066,115.37469364805229,76.4586950239237,7.841270874161012,61.12842705169135,97.97957009438257,0,0,0.001008694950473,0,0.0124039867394778,3.486636882060855,3.4194027389569146,0.3238777299838221,3.446777214344468,3.4539058225363912,0,0,0.0001008700037826,0,842,51.59790188157838,6.019574331056852,119.10721710570972,0.0604715977665352,1181.0,True,51.587134304014086,842,-0.9145,0.0313392232846817,3.0331626577307302,,0,4.63,Valsalva,,True
datasets_subject_11_to_20_scidata/GDN0017/GDN0017_2_Valsalva.mat,GDN0017,Valsalva,2018-02-23_12-22-29,v5,70.14,2000.0,2000.0,1000.0,100.0,200.0,2120700,2120700,1060.35,True,,1060.35,1060.35,1060.38,1060.35,135725,132,264,928.1033911041708,653.3745588533297,2076.255721032671,1623.9892931476052,0.0008651026396413,1.278491015792651,0.3132900566385213,-2111.3643646240234,3577.177047729492,130.75851468265986,914.7074149596924,-1459.4111442565918,2898.056216239925,0,0,9.430848304805016e-05,2,-2129.916191101074,3500.825881958008,1258.2355388556457,1035.3113169210935,-1148.2208442687988,2829.243803024289,0,0,9.430848304805016e-05,2,-0.4475823572441924,14.507940134181574,3.279785770402364,2.674301004291804,0.7156829451277702,13.757832331840984,0,0,9.430848304805016e-05,0,-0.4449103986660286,14.42133123535971,3.2602062414465656,2.658336073160456,0.7114104907882968,13.675701395442283,0,0,9.430848304805016e-05,0,-41.80148401007332,34.35326712971138,0.0010114443783338,2.643970036914591,-7.022128366381661,7.311742376179922,0,0,9.430848304805016e-05,0,-19893.429870467597,43588.733115082985,0.0592284198259012,1631.353814541987,-4423.814902084304,4429.321047688912,0,0,9.430848304805016e-05,0,0.8363477335259463,3499.0372794258665,1229.3060837105168,630.3695189961535,132.0111269779127,2921.88170917927,0,0,9.430848304805016e-05,0,-0.7308464073731968,0.4996187300926055,-4.44764831866607e-06,0.0430252712735826,-0.1020506137305212,0.1069161715933186,0,0,9.430848304805016e-05,0,14.86624163402574,2.3802453310324285,-0.4978053751061923,0.9458056536404577,0.0046647039442487,0.1048251041170431,-0.1751543578979459,0.4392065973327232,0,0,9.430848304805016e-05,2,-0.8624557030583568,2.002840521246563,-0.0129423978375562,0.2699888558290125,-0.3497250905854683,1.1662227994904786,0,0,9.430848304805016e-05,2,-2.6192529579002244,3.023390256752448,-0.0149363971246096,0.5610695120335192,-0.988443799420358,1.6900072452291786,0,0,0.0001886169660961,0,36.51892685475827,40.06850829490304,37.2531034020559,0.7178844166306145,36.625076434835904,39.84038035252657,0,0,0.0018861162979309,2,70.96180698775163,133.06788023160516,91.99083626783774,11.678930688791787,77.21757547727452,121.9586167606156,0,0,0.0009430848304805,2,0.0205792743520921,3.497988965367347,3.407916392355437,0.3750694106741911,0.04958282059688,3.4527284197120998,0,0,9.430848304805016e-05,2,1112,63.44194408873389,3.694014468556081,49.07464337867044,0.0875654678009467,949.5,True,63.43211882251656,1117,0.961,0.0164915025916752,1.1491355695193142,weak_radar_ecg_coupling,1,5.08,Valsalva,,True
datasets_subject_11_to_20_scidata/GDN0018/GDN0018_2_Valsalva.mat,GDN0018,Valsalva,2018-03-15_11-47-23,v5,77.44,2000.0,2000.0,1000.0,100.0,200.0,2318100,2318100,1159.05,True,,1159.05,1159.05,1159.06,1159.06,148358,144,288,-331.3373766161285,-93.83232007836888,2500.605718021868,1792.3659203481805,-1.005220414963763,1.3951424146337856,0.0973381905365089,-3323.0228424072266,2658.8029861450195,-1273.0587159587087,1196.9706026721583,-2519.040150642395,1765.586066246029,0,0,8.62775548940943e-05,2,-3195.1022148132324,3150.941848754883,-423.3317879300426,1466.3633623070673,-2512.729778289795,2278.7594842910767,0,0,8.62775548940943e-05,2,-4.399351533664324,13.436456674122685,-1.0092976475462585,2.65765291216038,-3.359458123232129,11.571593559795051,0,0,8.62775548940943e-05,0,-4.373088467485602,13.356244272785869,-1.003272384343557,2.6417873661184146,-3.339402969571425,11.50251394087198,0,0,8.62775548940943e-05,0,-57.10018649561744,37.76640058142539,0.0008325936307758,2.1383909262922725,-4.637729735502859,5.04659023528807,0,0,8.62775548940943e-05,0,-25677.09877090168,28610.592875576083,-0.0033170951331528,847.1040487328288,-2067.849691717004,2061.994794314264,0,0,8.62775548940943e-05,0,146.30815686232313,3983.809991634763,1765.5390072575112,682.518972505523,663.8564578565802,3291.734149619856,0,0,8.62775548940943e-05,0,-1.2580776366105162,1.7441269711382152,-4.806106205564194e-06,0.0848325021732232,-0.1963777833311223,0.1778034891701872,0,0,8.62775548940943e-05,0,17.72933274027147,2.838657040308301,-0.6928613109210271,0.655616425977629,0.0076206094544503,0.1088280284865249,-0.1754447968890374,0.2919590881017561,0,0,8.62775548940943e-05,0,-0.6611994262845018,1.561431364937279,-0.0084622471266984,0.1948435589824196,-0.286223845600035,0.7908353764206144,0,0,8.62775548940943e-05,0,-2.819790196616824,3.0627416523753928,-0.0127821568724813,0.7997886448481012,-1.3603877550945702,2.1604859725890875,0,0,0.0001725546631603,0,29.980736928899905,32.88725349230484,30.54535210862103,0.5005430602892056,30.06249581060761,32.57209010519959,0,0,0.0017255362103773,2,69.42910378451921,125.26062383312356,93.34772866717888,8.858670514877643,77.72455637874864,116.2449642167134,0,0,0.0008627681051886,2,0.0147391470641845,3.498023406935768,3.437100094484908,0.1357489221193485,3.4344785732658063,3.453735259288104,0,0,8.62775548940943e-05,0,1374,73.13943711027439,24.25968348464931,110.50539884164152,0.0315344599173719,908.25,True,66.5557882098661,1277,-0.806,0.0343734013819901,2.618833997041987,,0,5.55,Valsalva,,True
datasets_subject_11_to_20_scidata/GDN0019/GDN0019_2_Valsalva.mat,GDN0019,Valsalva,2018-03-21_10-10-26,v5,73.78,2000.0,2000.0,1000.0,100.0,200.0,2209900,2209900,1104.95,True,,1104.95,1104.95,1104.95,1104.95,141434,138,275,-637.0048726817911,1113.4878020819533,1950.2009433718115,1465.2697951481225,-0.5044921971033638,1.330950074743517,0.0989395151460897,-2877.102851867676,1478.6243438720703,-137.00644219178972,1024.7712093880314,-2483.070387840271,1212.0444107055623,0,0,9.05018326621114e-05,2,-1423.344612121582,2971.984386444092,1980.587287266992,717.8230839344125,-460.34450054168695,2891.604423522949,0,0,9.05018326621114e-05,2,-1.0322451458553903,18.444047233125502,2.488237538741435,2.893994819761494,0.6512574207632089,13.868761452131467,0,0,9.05018326621114e-05,0,-1.0260828916297808,18.333940725523103,2.4733833615636667,2.8767183696095406,0.6473695712449319,13.785968295674872,0,0,9.05018326621114e-05,0,-44.77349629192713,69.2378448228751,0.0006814463325516,2.2315348464795437,-5.4218248278270575,5.3435205251778966,0,0,9.05018326621114e-05,0,-16662.861295970506,13037.812403834308,0.0111567914241028,1037.0890915359084,-2629.7958663539275,2629.046457829676,0,0,9.05018326621114e-05,0,7.188398768293616,3427.646258044477,1115.5066274001556,566.6312519143753,423.4585222642471,2872.7830904883936,0,0,9.05018326621114e-05,0,-1.0083565180803016,1.1677526570482395,-1.2667534841595856e-05,0.0660872472463369,-0.1594437354285425,0.1446559796263027,0,0,9.05018326621114e-05,0,19.360023617152883,3.099748205217819,-0.94952209970395,0.8115294343380458,0.0079547916676422,0.360719461782314,-0.5277178153909878,0.6629123560431843,0,0,9.05018326621114e-05,0,-1.4630572269602111,2.4857459099572474,-0.0077496182137583,0.4728737250855402,-0.7057888732413922,1.1112209006151073,0,0,9.05018326621114e-05,0,-3.921340623335401,4.15681047806586,-0.0121236545046871,0.7575809385846444,-1.207715371401344,2.371325501333927,0,0,0.0001810036653242,2,30.95272992620861,35.62939951944206,31.641824583389315,0.9719044638940308,31.04305820601068,35.374830502776426,0,0,0.0018100366532422,2,60.9843220841607,136.86794335216908,81.05716882931813,9.967073251436302,64.71567106582121,113.20589024414694,0,0,0.0009050183266211,2,0.0150407129203048,3.494544356806594,3.430838059420512,0.2030962720413149,3.4344908767632814,3.453985514130385,0,0,9.05018326621114e-05,0,928,51.521199724443086,5.501429011345143,77.90820267133789,0.0124892585588753,1195.5,True,51.56749046928552,941,-1.8135,0.0065746105115353,2.24990356766546,large_sync_lag,1,5.2,Valsalva,,True
datasets_subject_11_to_20_scidata/GDN0020/GDN0020_2_Valsalva.mat,GDN0020,Valsalva,2018-03-21_12-40-24,v5,65.77,2000.0,2000.0,1000.0,100.0,200.0,1973900,1973900,986.95,True,,986.95,986.95,986.94,986.95,126330,123,245,-660.8975767173952,476.3105033970384,1641.709192030438,1181.7838792924902,-1.3313617309641983,1.3891788683166804,0.1382425740224374,-2713.951587677002,1586.3842964172363,235.897373321408,507.77387745858977,-1765.0294876098633,762.9766511917114,0,0,0.0001013222554334,2,-2033.1339836120603,2736.1297607421875,595.3853094208789,802.3299684602175,-597.2867059707642,2073.68661403656,0,0,0.0001013222554334,2,-5.980068116853848,7.595899244345996,-2.4148657036575107,3.1329969211515736,-5.586109368395976,3.95030565477816,0,0,0.0001013222554334,0,-5.9443685544287055,7.550553560325378,-2.4004495386153284,3.11429368617517,-5.552761644555058,3.926723284048353,0,0,0.0001013222554334,0,-335.7903362996791,292.79739080423326,-0.0063333696837725,2.893417788592198,-5.3283353418936805,5.223147433600781,0,0,0.0001013222554334,0,-198148.14108200528,195623.7722446329,0.0074398889061665,1669.960356786583,-2906.0129942314784,2909.6511640383032,0,0,0.0001013222554334,0,16.327763962806028,3056.4548663788487,847.4162616369571,428.3145671488992,179.4622831344015,2253.7979066520093,0,0,0.0001013222554334,0,-1.2583654087121818,1.857303848063788,-4.7108705602483975e-06,0.0592350580286014,-0.1421916567983323,0.1396273373010264,0,0,0.0001013222554334,0,13.494922114754084,2.1606823127891897,-0.4673024573787568,0.7802749396600879,0.0067708556679176,0.193363078086147,-0.307826948141025,0.4926225118637994,0,0,0.0001013222554334,0,-0.8745180393419504,1.7168142195073282,-0.0080559023937248,0.2851394525690449,-0.4640891218446158,0.8168370418782485,0,0,0.0001013222554334,0,-2.305878991043371,4.004419861908613,-0.0118334008720331,0.7239932553520882,-1.131555189240984,2.211533117952827,0,0,0.0002026438948967,0,32.50251243893645,35.40816586684601,33.01754852120401,0.4677193521569852,32.59268690722291,35.13115732133075,0,0,0.002026465641275,2,74.86510636600568,141.23384728491504,98.17713058519172,12.051573501977344,80.28614428734528,134.4526493685283,0,0,0.0010132276874597,0,0.0167009848802777,3.5007285687749308,3.4324423731898337,0.1832657331155422,3.4346184077089696,3.4527369928313285,0,0,0.0001013222554334,0,1026,63.15929414895519,7.221511837719297,82.78319794093561,0.0181366929108328,974.5,True,63.159069603623216,1026,-1.395,0.025294241631516,1.6937907247757569,large_sync_lag,1,4.74,Valsalva,,True
datasets_subject_21_to_30_scidata/GDN0021/GDN0021_2_Valsalva.mat,GDN0021,Valsalva,2018-03-26_12-20-46,v5,71.52,2000.0,2000.0,1000.0,100.0,200.0,2133050,2133050,1066.53,True,,1066.53,1066.53,1066.51,1066.53,136515,133,265,-87.45406327173339,1137.1502000696914,2894.159202332232,1984.4968511202903,-0.3681733387517543,1.4583843762203088,0.052732940225955,-3163.944721221924,2418.5385704040527,-604.5353336148237,1451.9591097411242,-2957.872633934021,1891.3862848281856,0,0,9.376245282576593e-05,2,-1358.0951690673828,3453.721046447754,2780.851445352642,655.1694611273203,-457.2571659088134,3364.086151123047,0,0,9.376245282576593e-05,2,0.653046181850383,7.775584088627994,2.143903028741954,0.7668794695301755,1.0431264847322803,4.73406429766777,0,0,9.376245282576593e-05,0,0.6491476538604152,7.729165729482286,2.131104445429447,0.7623013843043744,1.036899271541503,4.705803077123655,0,0,9.376245282576593e-05,0,-15.55815416838584,14.36235479104232,-0.000464610951552,1.896693110524932,-4.66097193306178,4.497486555441928,0,0,9.376245282576593e-05,0,-7446.573043800134,7791.0162758981505,0.0161566476957828,817.8890140369866,-2111.535889295488,2106.55377881383,0,0,9.376245282576593e-05,0,123.80590361855585,4326.458187435046,1434.261236986844,693.0562626735788,379.7605553478477,3447.2824281934472,0,0,9.376245282576593e-05,0,-0.546537760874196,0.3739493524390311,4.590084397743248e-06,0.0646098014154101,-0.1425089215911933,0.1314476962044392,0,0,9.376245282576593e-05,0,7.080018075621871,1.133587115223058,-0.5860878223553917,0.8221353058394729,0.0069503312580425,0.1798683275571806,-0.2820399358033545,0.4644412647391904,0,0,9.376245282576593e-05,0,-0.7061622989849189,1.3886456935547922,-0.0094852060493437,0.2295423475825669,-0.4201613483077905,0.645772565336061,0,0,9.376245282576593e-05,0,-1.509845789541477,2.20088542440671,-0.0115459189738593,0.5707960751176248,-0.89831852183539,1.623697637236806,0,0,0.0001875249056515,2,29.397175272644247,30.9465077665724,29.80379393832952,0.2318262474107356,29.51475590072944,30.826866218606757,0,0,0.0018752754310789,0,70.81784468245127,141.4772715140188,97.09000094470072,11.849545876902864,80.63975354243328,129.43916259786653,0,0,0.0009376201325794,2,0.0121786329242194,3.4813102840848877,3.4362653497953484,0.1398741419870758,3.4350263330227886,3.453053281802306,0,0,9.376245282576593e-05,0,1218,68.99441966543445,5.841268437479106,32.46225984346649,0.0439746109911211,878.0,True,68.9957696626564,1218,0.1085,0.0180757441425489,3.8790577013833993,,0,5.44,Valsalva,,True
datasets_subject_21_to_30_scidata/GDN0022/GDN0022_2_Valsalva.mat,GDN0022,Valsalva,2018-03-27_11-36-54,v5,72.72,2000.0,2000.0,1000.0,100.0,200.0,2189750,2189750,1094.88,True,,1094.88,1094.88,1094.87,1094.87,140144,136,272,-6.01311729962913,1219.190134469985,1855.575821762878,1325.6179487798065,-0.9206949975001832,1.3997817572332076,0.2138404487078531,-2381.4005851745605,2059.7472190856934,791.7161005832164,779.2368577075932,-1451.188359260559,1684.8151826858518,0,0,9.133462724055258e-05,2,-1325.1333236694336,3693.490028381348,599.7240378286948,948.2544890912532,-730.7346296310425,2941.0196113586408,0,0,9.133462724055258e-05,2,-2.4567051265626376,10.591853768896335,0.5869525445400309,1.318195724411824,-1.4563538863192873,5.148883694941665,0,0,9.133462724055258e-05,0,-2.4420391902702545,10.52862295991023,0.5834485796026839,1.310326414291498,-1.4476598053386334,5.118146102777904,0,0,9.133462724055258e-05,0,-133.66746523960342,228.9124927450617,-0.0017988463431184,2.038736106808021,-4.6338192103814935,4.864997420509366,0,0,9.133462724055258e-05,0,-117996.12587449502,116787.23206117951,-0.0065063978595456,1067.8617377631858,-2420.31527010782,2417.0065405345963,0,0,9.133462724055258e-05,0,0.467280673472493,3712.2081468949136,1114.275012612702,514.5754101768559,211.2712157604865,2857.6842597368345,0,0,9.133462724055258e-05,0,-1.4379163068952914,1.0859458903864128,1.102788933003342e-05,0.0638243353879689,-0.1577794202632094,0.1434850266252001,0,0,9.133462724055258e-05,0,12.970662150180484,2.076742648438018,-0.5714756486571589,1.6189947250804753,0.0095256296304256,0.1319284937911194,-0.2144867227642792,0.619108220667041,0,0,9.133462724055258e-05,0,-0.7730964765518834,1.9646634186038665,-0.0024547656353373,0.1286931127099926,-0.3284252661324515,0.4407358042743559,0,0,9.133462724055258e-05,0,-2.455370086485988,2.4828926641036437,-0.0116461834690043,0.4861366369471543,-0.9484358186227272,1.578612138096776,0,0,0.0001826687539616,2,37.81157345035932,40.34825232434903,38.58357097920224,0.2841656277441857,38.02917879666093,39.41041044882977,0,0,0.0018267008868632,0,75.20658156626106,146.7552565406072,100.82173457853528,13.24395022610844,81.1016350131058,130.57942436056382,0,0,0.0009133504434316,2,0.0098180284658526,3.5039650912785087,3.435700280944733,0.1448212249418305,3.435358428795106,3.4508193951317203,0,0,9.133462724055258e-05,0,993,54.63493833011286,3.444888074156306,52.861983062305896,0.2385661552990776,1105.5,True,54.94171023260825,996,-0.093,0.0242608247842422,1.5202060092638443,,0,5.12,Valsalva,,True
datasets_subject_21_to_30_scidata/GDN0023/GDN0023_2_Valsalva.mat,GDN0023,Valsalva,2018-03-28_11-54-56,v5,65.87,2000.0,2000.0,1000.0,100.0,200.0,1984800,1984800,992.4,True,,992.4,992.4,992.4,992.4,127027,124,247,-364.1509751324572,1133.8604114832328,1173.2178101915242,850.6000391063832,-1.1661147161514065,1.379282572599073,0.2287712558469679,-1629.7202110290527,1252.6922225952148,-550.9365682926739,596.7166098187411,-1507.3437976837158,668.6597681045533,0,0,0.0001007658202337,2,-389.0595436096192,2506.111621856689,1107.225785721266,756.5343853861397,-225.6160068511963,2279.379849433899,0,0,0.0001007658202337,2,-10.922877163488891,7.836496537728221,-3.3519832590612744,3.952591398986143,-10.330725391578412,2.6327159744883573,0,0,0.0001007658202337,0,-10.857670224781764,7.789714545972211,-3.3319727285344336,3.928995382915439,-10.269053455940382,2.616999295941832,0,0,0.0001007658202337,0,-204.3690637593756,39.77273249128575,-0.0103409307529735,2.6894151086488223,-6.71864495149519,6.469148849825233,0,0,0.0001007658202337,0,-49849.68292741144,67468.05170020938,-0.0050326778461292,1329.1145452776202,-3312.01545724224,3312.583781365354,0,0,0.0001007658202337,0,13.342069142386515,1803.633070861355,928.0667211790104,259.0504772147629,389.0565109264084,1493.3086784488328,0,0,0.0001007658202337,0,-0.7790002125041562,1.674253375415225,8.196343302259807e-06,0.09818655336144,-0.232137938560861,0.1686852538083583,0,0,0.0001007658202337,0,18.647384770753977,2.985647053856808,-0.3860706051994232,0.4147830858408127,0.0024527943404574,0.0994250326004003,-0.1760863073296668,0.2974684722935418,0,0,0.0001007658202337,2,-1.5042194616635702,1.019021886120976,-0.0012907444898804,0.1941886146496297,-0.492729129139511,0.5470409130533718,0,0,0.0001007658202337,2,-3.3613198466490557,3.5908127994076806,-0.0135108885459681,0.8968962633684583,-1.2221237328476282,2.851842106824912,0,0,0.0002015316404675,2,35.5982245552324,38.53611623644002,36.37644759388135,0.4174852088368011,35.74456495809138,37.669309557633696,0,0,0.0020153164046755,2,70.08937732728931,136.29757779891494,86.37195773681313,10.697558115411676,72.4451393386153,118.44370689879344,0,0,0.0010076582023377,0,0.0197157010720947,3.4906412859197498,3.436730231597184,0.1492317839761584,3.43724309729744,3.452144618816422,0,0,0.0001007658202337,2,899,55.234008965529085,7.780662420165655,86.40578606910961,0.0822753336735861,1130.0,True,55.637376675915945,901,-0.744,0.0264951836675917,3.4300325998141936,,0,4.87,Valsalva,,True
datasets_subject_21_to_30_scidata/GDN0025/GDN0025_2_Valsalva.mat,GDN0025_no02,Valsalva,2018-07-03_12-41-01,v5,68.56,2000.0,2000.0,1000.0,100.0,200.0,2056450,2056450,1028.22,True,,1028.22,1028.23,1028.22,1028.22,131613,128,256,-492.1619133410966,1392.2939975750494,3462.227407130603,2170.258821701505,-0.7064826192788445,1.5953062245433849,0.2402679760415454,-4000.0,3792.706489562988,-1057.455839310234,1123.1766800324651,-4000.0,2324.1221046447754,0,0,1.2033358457536043,7800,-3993.507385253906,3999.999523162842,-300.2612657720207,1113.4148798658136,-1546.515727043152,3954.9331855773926,0,0,0.0237302146903644,166,-2.5847786862497584,30.29795853008223,2.353699885549705,6.044744559013044,-2.032874121732032,29.05072771997352,0,0,9.725497823919864e-05,2,-2.5693481817367934,30.11708703484781,2.3396488656696115,6.008658893848071,-2.020738354180038,28.87730189145961,0,0,9.725497823919864e-05,2,-60.3781096387379,155.57512157009614,0.0065851594192992,2.2611000719611623,-5.275039297556259,5.112202609199372,0,0,9.725497823919864e-05,0,-67357.32799158961,65903.2845060925,-0.0051066761681802,765.52202280458,-1688.0966032452354,1692.5388000870178,0,0,9.725497823919864e-05,0,3.701288844476801,5500.623826535471,1301.5772060356476,898.3959739467837,448.7075819588536,4797.511510921852,0,0,9.725497823919864e-05,2,-1.6145255476660372,1.4293194844319237,-3.242849621939369e-05,0.1020192099751001,-0.2347151819424576,0.2277121437271133,0,0,9.725497823919864e-05,0,32.6864352165846,5.233450170371067,-0.5498486578729088,1.4784045162879549,0.0080775759547275,0.1104662053556992,-0.1688187005890616,0.4143836330139375,0,0,9.725497823919864e-05,0,-1.1729169347574138,2.257034873406424,-0.0087403857162152,0.2121786297358361,-0.3014778847809182,1.0248160223018568,0,0,9.725497823919864e-05,0,-2.527978453690344,3.911504852192218,0.0084106539107291,0.8188092351191462,-1.0891552514735017,2.7186655851890627,0,0,0.0001945093889682,0,37.33577293604074,40.729149854330345,38.01463989470666,0.5950396500722936,37.499021127546285,40.54546286783783,0,0,0.0019451090233607,2,57.305420019700925,119.68494434371286,81.99186534839387,10.659552870251014,64.37016944143062,110.46600952531672,0,0,0.0009725497823919,2,0.0169172485922623,3.4981313145871,3.435921272642604,0.1712888525682524,3.436498038963422,3.4561391831316226,0,0,9.725497823919864e-05,0,1112,69.2400222422547,5.86451931285851,55.345094486283536,0.1269178083190976,873.0,True,70.39402408207877,1196,0.1395,0.0109840406463135,5.388238824103894,iq_clipping,1,4.95,Valsalva,,True
datasets_subject_21_to_30_scidata/GDN0027/GDN0027_2_Valsalva.mat,GDN0027,Valsalva,2018-05-22_11-55-38,v5,69.22,2000.0,2000.0,1000.0,100.0,200.0,2074650,2074650,1037.33,True,,1037.33,1037.33,1037.34,1037.34,132778,129,258,-245.76362179166895,285.6093559093515,3075.816069984617,2318.2268802504773,-0.8479301595872094,1.3267968274323023,0.0762017201361934,-3465.5017852783203,2599.794387817383,-639.1122270431998,1565.8219281453348,-3072.5975704193115,2196.742796897888,0,0,9.640180271371074e-05,2,-3161.7627143859863,3882.3299407958975,2177.851146975828,1100.6395824597842,-2293.948140144348,3268.9959049224854,0,0,9.640180271371074e-05,2,-11.33183414275498,2.719687337095638,-3.8107566436307865,1.1511901951984254,-8.418275796766562,-0.7304253240731807,0,0,9.640180271371074e-05,0,-11.264185829647891,2.7034514605186004,-3.788007346795368,1.1443178677543824,-8.36802072333826,-0.7260648612918011,0,0,9.640180271371074e-05,0,-17.01256853200516,14.361975030825874,-0.0027621508892147,1.6241056539589818,-4.1435626486223125,3.73967563252324,0,0,9.640180271371074e-05,0,-6276.311783837824,5019.9684590292745,-0.009595636521235,602.2486465774723,-1570.6316108858853,1569.5837238554382,0,0,9.640180271371074e-05,0,168.2128977658428,5521.748759296272,1730.765873737928,817.101763210808,716.7742394223741,4714.340570059742,0,0,9.640180271371074e-05,0,-0.6337929993424629,0.9291610005994106,4.978869771300005e-06,0.0879856222341638,-0.2015073888438757,0.150544580276725,0,0,9.640180271371074e-05,0,13.967637290166492,2.23636910148017,-0.4833826675268405,0.8109405627122832,0.006449488664316,0.102461849892934,-0.2250403194196931,0.2895028580987478,0,0,9.640180271371074e-05,0,-5.188407755934325,3.5762855865784267,-0.007524125802741,0.6951063157765711,-3.696604165292574,1.6953167066696222,0,0,9.640180271371074e-05,0,-1.4878777322568542,2.5453695579661253,0.0041920780962763,0.4996013468355951,-0.6381782419769005,1.641402942547194,0,0,0.0001928030478305,0,35.73668721914675,37.46423870675824,36.15629852503712,0.2762488809450253,35.81226089728708,37.25905934664589,0,0,0.0019280081747546,2,70.78259997620225,131.80212522925132,88.57537289285122,9.308352029172877,75.74561693477172,115.07257655252234,0,0,0.0009640040873773,2,0.025868997594231,3.493843702954062,3.4366567159991077,0.1624195478153794,3.4377899690565568,3.4533493572198197,0,0,9.640180271371074e-05,0,1011,58.76353195873399,4.924747484886683,64.98595696898371,0.0512857837639041,1037.0,True,58.61677234473772,1007,-0.093,0.017204154674153,4.161028306237308,,0,4.85,Valsalva,,True
datasets_subject_21_to_30_scidata/GDN0028/GDN0028_2_Valsalva.mat,GDN0028,Valsalva,2018-05-23_12-03-05,v5,66.03,2000.0,2000.0,1000.0,100.0,200.0,1985350,1985350,992.67,True,,992.67,992.68,992.7,992.67,127062,124,247,-394.8370189360364,620.01348352863,2115.4808964278227,1531.255539183915,-0.8301573607516871,1.381533547010234,0.0933851759704762,-2612.485408782959,1922.8191375732424,-1243.640123142455,970.5331059314544,-2413.030457496643,1441.6497039794924,0,0,0.0001007379051552,2,-2105.8716773986816,2861.0663414001465,1370.8192897759836,1187.089545166055,-1349.041724205017,2651.5979957580566,0,0,0.0001007379051552,2,-4.54800339239486,17.258467084139845,-1.5616700250401765,3.7145404067296215,-4.365748742660593,14.11682702327667,0,0,0.0001007379051552,0,-4.520852910520085,17.155438203700157,-1.5523472321460168,3.6923654975915423,-4.339686277028831,14.032552975270082,0,0,0.0001007379051552,0,-17.113789099938913,23.103269975426883,0.0015801190689332,2.204713987261482,-5.496657464374052,5.380651293225782,0,0,0.0001007379051552,0,-6427.53226052018,5536.304820213118,-0.0061971879690745,989.0707111710418,-2455.024493277223,2460.521955311974,0,0,0.0001007379051552,0,382.8556717389695,4049.958919055444,1393.9408605944393,638.7839815749443,818.3911853150871,3450.909817645676,0,0,0.0001007379051552,0,-0.7932569102418978,0.5833805415933246,6.643496006141204e-06,0.0551140645534486,-0.1381245116108235,0.1204709016070021,0,0,0.0001007379051552,0,21.67629111422024,3.470607567727977,-0.337843696711196,0.5925370209661288,0.0102248948210771,0.0757571446209154,-0.0960941468616939,0.3671099333728084,0,0,0.0001007379051552,0,-2.0550577377295505,2.805424561789511,0.022887205546375,0.2959162643663471,-0.7145551701983963,1.186357895569869,0,0,0.0001007379051552,0,-2.1339735159287394,3.922495436433414,0.0035543298879625,0.5778373173446698,-0.9022841455479726,1.9409275009444416,0,0,0.0002014752014248,0,35.15950359536599,37.33527247527087,35.61750583921688,0.383813835257373,35.28187519216723,37.12237138612856,0,0,0.0020147073637554,2,60.76329810015348,140.78705827927146,80.50050750625275,12.17588345246908,63.526564910702696,112.8420062786463,0,0,0.0010073790515526,2,0.0131649362762912,3.4913082812913845,3.4105076450702403,0.3316441418132,3.435623030934445,3.452013516294661,0,0,0.0001007379051552,0,832,53.09788620054497,10.103231418810616,100.712853535361,0.103709725594845,1193.0,True,54.23720142043785,870,-1.8445,0.023834257261134,3.4298599379637875,large_sync_lag,1,4.65,Valsalva,,True
datasets_subject_21_to_30_scidata/GDN0029/GDN0029_2_Valsalva.mat,GDN0029,Valsalva,2018-05-24_09-45-17,v5,66.11,2000.0,2000.0,1000.0,100.0,200.0,1993000,1993000,996.5,True,,996.5,996.5,996.49,996.51,127552,124,248,-423.5747149628011,197.3202474965995,1203.507998319947,953.69088390806,-0.942954680866053,1.261947679931866,0.1484007400944505,-1810.2898597717283,844.2239761352539,298.8876899397678,404.82026263136567,-1375.9351587295532,777.7471542358398,0,0,0.0001003512293025,2,-1166.968822479248,2031.70108795166,-170.22434056301665,643.7207834353718,-875.5617141723633,1410.764765739441,0,0,0.0001003512293025,2,-0.31132549773996,12.776525410941682,1.0920893782904588,1.9120849549045624,-0.2370915279135045,9.03530280380321,0,0,0.0001003512293025,0,-0.3094669597059562,12.700252639867578,1.085569868450055,1.9006702695070152,-0.2356761487512896,8.981364228159672,0,0,0.0001003512293025,0,-19.47042422225786,22.9961168838895,-0.0012786433840795,1.901647661952788,-4.510038611754993,4.6342185479372935,0,0,0.0001003512293025,0,-12741.675114689053,12754.088380465328,-0.006596321066877,1025.6804264768527,-2445.1830785224274,2449.182452924718,0,0,0.0001003512293025,0,0.5194161018436118,2698.400287306444,659.2658427541714,378.97815325056513,140.39517583691674,1846.1056575556163,0,0,0.0001003512293025,0,-0.4533374883889349,0.4879732900938515,2.870187352716497e-05,0.0469435185618501,-0.1060975877366644,0.1126056493442557,0,0,0.0001003512293025,0,13.009719599573534,2.0829961665664376,-0.5359972336014828,0.3380932490852714,0.00514934660122,0.0677109037095276,-0.169536287297478,0.1600828738800414,0,0,0.0001003512293025,0,-2.7103514202762704,2.5675530928463317,-0.0067780932794961,0.2987398598115013,-1.0467410538897668,0.9835405097876888,0,0,0.0001003512293025,0,-2.3078160926409352,3.2881643627529025,0.0038086847840429,0.6224060828191098,-1.0635748676830046,1.9076700745136044,0,0,0.0002007024586051,0,29.598362386573093,32.69975688174472,30.068854789394027,0.5631370745289702,29.66288070296926,32.13032578935924,0,0,0.0020070447269917,0,43.58476283194436,96.4883541804614,59.851573613819696,8.02117152609417,46.61985969023644,82.16829085512057,0,0,0.0010035022227574,2,0.0153863177258183,3.4730519636141666,3.4116179819079253,0.3293453546639105,3.4366422003818906,3.4526486387260364,0,0,0.0001003512293025,0,963,60.20356942617562,8.75513018182128,77.26386112796638,0.0721525700715354,1032.0,True,60.13390477979116,982,0.434,0.0274048809080242,2.764191762563042,,0,4.68,Valsalva,,True
datasets_subject_21_to_30_scidata/GDN0030/GDN0030_2_Valsalva.mat,GDN0030,Valsalva,2018-05-24_15-06-16,v5,68.31,2000.0,2000.0,1000.0,100.0,200.0,2057000,2057000,1028.5,True,,1028.5,1028.5,1028.52,1028.49,131648,128,256,-1022.0881655849298,1157.0141396475224,2313.850067094075,1543.017959835611,-0.9781704040305736,1.4995613319631007,0.1122139869198062,-3649.571418762207,2292.075157165528,45.125614380454,875.7268740295009,-2804.921669960022,1366.217341423035,0,0,9.722897423432182e-05,2,-2264.6608352661133,3788.424015045166,968.5681988742087,1239.3490801712294,-1258.957142829895,3234.6100902557373,0,0,9.722897423432182e-05,2,-3.122692816380709,14.39493448110632,1.2930917644723832,1.6411634312440415,-1.5237836845277872,7.568174639534106,0,0,9.722897423432182e-05,0,-3.1040510944212647,14.30900019874158,1.2853723189300958,1.6313660819131146,-1.5146870639366437,7.52299446470851,0,0,9.722897423432182e-05,0,-16.85542691217347,17.089446484728114,-0.0010745604076578,1.8513526987890647,-4.835146038597773,5.11929789523612,0,0,9.722897423432182e-05,0,-6682.673021282157,7507.385814579662,0.0091475110655024,813.6633916693924,-1938.558869392122,1935.4207211914145,0,0,9.722897423432182e-05,0,441.5860967536426,3982.1871230543898,1361.2127914151918,670.8080477352775,548.9639453898864,3127.2292708326336,0,0,9.722897423432182e-05,0,-0.4611856607521472,0.6165173095044014,2.870472378823553e-06,0.0461164953964415,-0.1447447038438745,0.151917593952275,0,0,9.722897423432182e-05,0,17.413051293162845,2.78801697563658,-0.4040195043888351,0.502918071525128,0.0077990123442522,0.0900049957579482,-0.2107979143548725,0.3343797867974563,0,0,9.722897423432182e-05,2,-1.0552005256337562,1.283350015704574,-0.0114960158233356,0.1708861750737508,-0.4088416977715506,0.6646059629115961,0,0,9.722897423432182e-05,2,-1.7683585610691734,2.735982837205779,0.0052372502709266,0.4628829876138055,-0.864568589746658,1.5053481397717363,0,0,0.0001944573812618,2,36.52271778954508,39.21602660922789,37.29555086245864,0.3024435195229663,36.790854792626966,38.43626691060503,0,0,0.001944541671528,2,67.83672771990824,156.91323957337983,93.87455275077232,10.34487835648877,75.16740965715631,120.37204316592192,0,0,0.0009722944691029,0,0.0134238975818531,3.4942290638906788,3.4364227897810777,0.149082366039053,3.436927659375199,3.452042716071295,0,0,9.722897423432182e-05,2,896,55.25473710969912,6.928912556391407,132.39759183019598,0.2022363647235609,1089.5,True,55.472826471870135,935,-0.0775,0.0178463157608206,2.2982998595594197,,0,4.75,Valsalva,,True
datasets_subject_01_to_10_scidata/GDN0006/GDN0006_2_Valsalva.mat,GND0006,Valsalva,2018-02-16_13-02-15,v5,86.49,2000.0,2000.0,1000.0,100.0,200.0,2619100,2619100,1309.55,True,,1309.55,1309.55,1309.53,1309.56,167622,163,326,628.0329699792042,-131.50127512401264,10895.085628927882,1941.7944265960964,0.0893046377132993,5.610833711180549,0.5220900832034099,-2365.543365478516,3999.999523162842,1863.8554564398416,776.9911266321931,-822.9599618911743,3900.0244569778433,0,0,0.3429422320644496,3411,-2503.108501434326,3945.456027984619,1700.8053128309964,603.7780063914703,-726.8662548065186,3250.0567579269405,0,0,7.636210912145394e-05,2,-1.082499156493967,14.049266279710691,1.7841268390769704,1.6815218075158418,1.15749616703225,10.939199881824171,0,0,7.636210912145394e-05,0,-1.0760368979615755,13.965395553026756,1.773476032728044,1.67148352842543,1.1505861944593003,10.873895500430644,0,0,7.636210912145394e-05,0,-721.087672623326,130.99377578638496,1.7640855404892414e-05,2.0145760508558306,-2.653615876733665,2.664097302044308,0,0,7.636210912145394e-05,0,-274425.6135129016,161956.49112049426,-0.0002242748634135,901.9344589277993,-1588.6309993355844,1598.9948715671287,0,0,7.636210912145394e-05,0,0.2736175321388676,4600.447593057971,756.4767193887184,629.2901277551588,38.15693471853851,2968.03545221821,0,0,7.636210912145394e-05,0,-1.8623195350974704,1.731401242135477,1.4932881724566435e-06,0.0744574182726349,-0.1206832077358223,0.128867996851287,0,0,7.636210912145394e-05,0,15.041432450988331,2.4082952668790614,-0.2320225002814091,0.6215863488484994,0.0077792501190788,0.0705840043346137,-0.0794836746364835,0.3339661975377135,0,0,7.636210912145394e-05,0,-2.1572077306832385,1.5156372934573807,-0.0066080891360613,0.2493226468686263,-0.4891783806481303,0.6594163465014398,0,0,7.636210912145394e-05,0,-3.288060618015121,4.041206752202586,-0.0082595883002593,0.6733793159280146,-1.1210295531483865,2.119301691480984,0,0,0.0001527237517505,0,29.217279366373965,33.02076923448987,29.81943544258509,0.6744212757023733,29.30548316502841,32.74973019702405,0,0,0.0015272655074721,2,-23.94277570857728,195.74198075419423,75.20376788147814,34.2410587092794,-2.3339981587389595,175.08976691338543,0,0,0.0007636152600873,2,0.0317612381564176,3.5051811672867053,3.440661399285557,0.1697001987307029,3.446752154890324,3.4521192172031663,0,0,7.636210912145394e-05,0,1169,56.36433751396115,2.726325526964541,34.08516282405393,0.1668512721359521,1071.0,True,60.89297685083739,1293,-1.116,0.0095784182286819,0.8299064892821949,strong_iq_imbalance;large_sync_lag;weak_radar_ecg_coupling,3,6.23,Valsalva,,True
